ocel_id,ocel_time,ocel_changed_field,price
o-990001,2023-04-03 12:08:18,,1353.98
o-990002,2023-04-03 16:36:55,,3083.0
o-990003,2023-04-03 23:31:23,,3599.99
o-990004,2023-04-04 12:30:50,,2241.95
o-990005,2023-04-04 17:21:59,,3049.98
o-990006,2023-04-05 06:24:56,,5732.98
o-990007,2023-04-05 13:05:45,,2600.98
o-990008,2023-04-05 17:31:49,,2691.99
o-990009,2023-04-06 08:13:07,,1268.98
o-990010,2023-04-06 13:09:59,,3751.0
o-990011,2023-04-06 17:40:17,,783.98
o-990012,2023-04-07 08:53:28,,3463.97
o-990013,2023-04-07 14:10:31,,3349.99
o-990014,2023-04-07 18:41:21,,1098.99
o-990015,2023-04-09 14:15:59,,703.98
o-990016,2023-04-10 11:37:17,,3990.98
o-990017,2023-04-10 16:34:53,,853.95
o-990018,2023-04-10 23:25:17,,2551.98
o-990019,2023-04-11 12:24:07,,1498.99
o-990020,2023-04-11 17:08:33,,1319.99
o-990021,2023-04-12 03:57:11,,1798.99
o-990022,2023-04-12 13:23:13,,2998.98
o-990023,2023-04-12 18:06:45,,3347.99
o-990024,2023-04-13 09:09:49,,1159.99
o-990025,2023-04-13 13:39:56,,986.99
o-990026,2023-04-13 18:40:11,,829.98
o-990027,2023-04-14 10:16:41,,630.99
o-990028,2023-04-14 14:53:41,,2451.99
o-990029,2023-04-14 20:21:40,,883.98
o-990030,2023-04-17 02:45:08,,3749.94
o-990031,2023-04-17 13:03:58,,713.98
o-990032,2023-04-17 17:28:15,,1542.97
o-990033,2023-04-18 07:33:53,,3632.99
o-990034,2023-04-18 13:21:35,,1453.98
o-990035,2023-04-18 18:03:28,,2261.98
o-990036,2023-04-19 09:03:02,,3488.99
o-990037,2023-04-19 13:26:23,,3311.97
o-990038,2023-04-19 18:13:05,,823.98
o-990039,2023-04-20 09:22:28,,2762.98
o-990040,2023-04-20 14:05:15,,663.0
o-990041,2023-04-20 18:30:49,,2710.98
o-990042,2023-04-21 09:57:57,,5327.97
o-990043,2023-04-21 15:16:13,,134.98
o-990044,2023-04-21 20:29:16,,673.98
o-990045,2023-04-24 03:30:44,,1853.0
o-990046,2023-04-24 12:54:07,,3304.0
o-990047,2023-04-24 18:08:33,,8016.98
o-990048,2023-04-25 09:13:25,,1283.98
o-990049,2023-04-25 13:47:09,,700.98
o-990050,2023-04-25 18:54:36,,6518.96
o-990051,2023-04-26 10:45:31,,570.99
o-990052,2023-04-26 15:51:21,,2514.97
o-990053,2023-04-26 22:14:41,,1333.98
o-990054,2023-04-27 11:48:20,,3281.96
o-990055,2023-04-27 16:56:59,,1432.97
o-990056,2023-04-28 02:49:57,,1233.99
o-990057,2023-04-28 13:09:15,,3390.0
o-990058,2023-04-28 17:38:49,,2129.97
o-990059,2023-04-29 17:12:07,,669.98
o-990060,2023-05-01 08:01:41,,554.95
o-990061,2023-05-01 09:50:37,,7482.0
o-990062,2023-05-01 11:59:20,,620.98
o-990063,2023-05-01 14:16:46,,144.98
o-990064,2023-05-01 15:51:37,,4548.98
o-990065,2023-05-01 18:01:20,,729.98
o-990066,2023-05-01 19:40:11,,4453.99
o-990067,2023-05-01 22:56:34,,294.98
o-990068,2023-05-02 09:41:19,,3779.98
o-990069,2023-05-02 11:40:44,,3512.98
o-990070,2023-05-02 13:39:33,,1283.99
o-990071,2023-05-02 15:37:12,,3755.98
o-990072,2023-05-02 17:32:29,,4222.99
o-990073,2023-05-02 19:23:04,,3093.99
o-990074,2023-05-02 22:22:19,,1502.97
o-990075,2023-05-03 08:32:50,,704.0
o-990076,2023-05-03 10:37:20,,1762.98
o-990077,2023-05-03 12:32:46,,2452.99
o-990078,2023-05-03 14:23:38,,1482.98
o-990079,2023-05-03 16:05:21,,2002.0
o-990080,2023-05-03 17:28:48,,384.96
o-990081,2023-05-03 19:15:41,,804.0
o-990082,2023-05-03 22:07:34,,454.95
o-990083,2023-05-04 07:46:20,,1104.0
o-990084,2023-05-04 10:33:04,,7516.96
o-990085,2023-05-04 12:24:13,,5207.97
o-990086,2023-05-04 14:06:32,,7250.0
o-990087,2023-05-04 15:31:10,,2380.97
o-990088,2023-05-04 17:20:25,,1691.96
o-990089,2023-05-04 18:58:56,,2404.99
o-990090,2023-05-04 22:32:59,,703.97
o-990091,2023-05-05 08:54:09,,1612.97
o-990092,2023-05-05 11:09:20,,563.99
o-990093,2023-05-05 12:36:45,,2532.97
o-990094,2023-05-05 14:31:36,,1283.98
o-990095,2023-05-05 16:21:18,,2634.0
o-990096,2023-05-05 18:00:41,,1101.96
o-990097,2023-05-05 19:38:14,,3303.99
o-990098,2023-05-05 22:52:40,,1809.0
o-990099,2023-05-06 20:05:12,,174.98
o-990100,2023-05-07 19:24:17,,1094.99
o-990101,2023-05-08 09:01:42,,84.99
o-990102,2023-05-08 10:21:30,,2414.97
o-990103,2023-05-08 12:01:05,,3797.98
o-990104,2023-05-08 13:20:16,,5501.98
o-990105,2023-05-08 14:58:38,,3290.97
o-990106,2023-05-08 17:15:21,,3931.96
o-990107,2023-05-08 18:48:48,,3295.98
o-990108,2023-05-08 22:02:35,,1974.98
o-990109,2023-05-09 07:16:27,,2324.98
o-990110,2023-05-09 10:00:11,,2829.0
o-990111,2023-05-09 11:18:28,,3354.0
o-990112,2023-05-09 12:55:01,,3533.98
o-990113,2023-05-09 15:08:08,,1425.0
o-990114,2023-05-09 16:34:22,,5374.96
o-990115,2023-05-09 18:26:49,,2220.99
o-990116,2023-05-09 20:56:38,,2464.98
o-990117,2023-05-10 02:40:45,,2205.0
o-990118,2023-05-10 09:56:55,,2505.0
o-990119,2023-05-10 12:11:56,,1609.95
o-990120,2023-05-10 13:41:57,,324.97
o-990121,2023-05-10 15:42:00,,2904.0
o-990122,2023-05-10 17:42:06,,3020.99
o-990123,2023-05-10 19:42:29,,1283.99
o-990124,2023-05-10 23:01:09,,3658.99
o-990125,2023-05-11 08:49:34,,1502.98
o-990126,2023-05-11 11:02:27,,1107.99
o-990127,2023-05-11 12:22:59,,753.98
o-990128,2023-05-11 14:04:04,,2303.0
o-990129,2023-05-11 15:26:14,,3433.98
o-990130,2023-05-11 17:10:33,,1283.96
o-990131,2023-05-11 18:39:12,,3304.0
o-990132,2023-05-11 21:33:47,,134.99
o-990133,2023-05-12 05:23:39,,6630.95
o-990134,2023-05-12 09:56:06,,5729.98
o-990135,2023-05-12 12:10:18,,1423.97
o-990136,2023-05-12 13:38:41,,2284.99
o-990137,2023-05-12 15:35:28,,733.99
o-990138,2023-05-12 17:29:02,,5760.99
o-990139,2023-05-12 19:16:09,,1154.0
o-990140,2023-05-12 22:08:30,,2747.97
o-990141,2023-05-13 15:33:56,,3603.0
o-990142,2023-05-14 15:44:48,,2674.98
o-990143,2023-05-15 08:24:33,,244.96
o-990144,2023-05-15 10:24:55,,2047.98
o-990145,2023-05-15 12:07:56,,1630.0
o-990146,2023-05-15 13:33:57,,2352.0
o-990147,2023-05-15 15:26:00,,728.99
o-990148,2023-05-15 17:10:05,,1759.99
o-990149,2023-05-15 18:38:16,,922.97
o-990150,2023-05-15 21:30:59,,1272.99
o-990151,2023-05-16 05:06:51,,953.97
o-990152,2023-05-16 09:37:38,,1989.96
o-990153,2023-05-16 11:33:21,,2341.97
o-990154,2023-05-16 13:24:48,,3762.98
o-990155,2023-05-16 15:07:41,,284.97
o-990156,2023-05-16 16:33:28,,2221.99
o-990157,2023-05-16 18:25:02,,3850.99
o-990158,2023-05-16 20:51:17,,1709.0
o-990159,2023-05-17 02:08:38,,2810.98
o-990160,2023-05-17 09:21:36,,892.96
o-990161,2023-05-17 11:01:17,,5187.99
o-990162,2023-05-17 12:20:40,,939.98
o-990163,2023-05-17 13:59:26,,3639.96
o-990164,2023-05-17 16:16:57,,1803.0
o-990165,2023-05-17 17:52:00,,1199.0
o-990166,2023-05-17 20:12:11,,3003.99
o-990167,2023-05-17 23:00:34,,184.98
o-990168,2023-05-18 08:48:52,,673.98
o-990169,2023-05-18 11:01:23,,1423.96
o-990170,2023-05-18 12:20:52,,623.99
o-990171,2023-05-18 13:59:50,,1153.0
o-990172,2023-05-18 16:17:45,,3146.97
o-990173,2023-05-18 17:53:36,,2577.96
o-990174,2023-05-18 20:16:59,,4628.0
o-990175,2023-05-18 23:10:09,,2451.99
o-990176,2023-05-19 09:00:22,,589.99
o-990177,2023-05-19 10:18:50,,4582.97
o-990178,2023-05-19 11:55:46,,134.98
o-990179,2023-05-19 14:09:37,,1762.0
o-990180,2023-05-19 15:37:20,,2897.98
o-990181,2023-05-19 17:32:46,,5162.99
o-990182,2023-05-19 19:23:37,,2829.0
o-990183,2023-05-19 22:23:26,,5769.98
o-990184,2023-05-20 17:03:32,,1393.98
o-990185,2023-05-21 16:44:00,,2505.0
o-990186,2023-05-22 08:51:48,,3840.96
o-990187,2023-05-22 11:05:47,,3323.97
o-990188,2023-05-22 12:29:40,,1154.0
o-990189,2023-05-22 14:17:25,,354.98
o-990190,2023-05-22 15:52:56,,2541.97
o-990191,2023-05-22 18:03:58,,264.97
o-990192,2023-05-22 19:48:05,,3380.96
o-990193,2023-05-22 23:12:21,,740.96
o-990194,2023-05-23 09:03:01,,2212.0
o-990195,2023-05-23 10:24:07,,2510.97
o-990196,2023-05-23 12:06:20,,2205.0
o-990197,2023-05-23 13:30:46,,3479.97
o-990198,2023-05-23 15:19:37,,1918.96
o-990199,2023-05-23 16:57:20,,1325.98
o-990200,2023-05-23 19:12:46,,5383.99
o-990201,2023-05-23 22:01:43,,1602.99
o-990202,2023-05-24 07:11:14,,859.98
o-990203,2023-05-24 09:54:27,,1662.97
o-990204,2023-05-24 12:07:00,,4403.0
o-990205,2023-05-24 13:32:06,,1143.99
o-990206,2023-05-24 15:22:17,,124.98
o-990207,2023-05-24 17:02:40,,5261.96
o-990208,2023-05-24 18:23:26,,2464.97
o-990209,2023-05-24 20:46:29,,893.99
o-990210,2023-05-25 01:39:50,,2332.0
o-990211,2023-05-25 09:49:55,,2594.99
o-990212,2023-05-25 11:57:55,,4148.0
o-990213,2023-05-25 14:13:56,,852.98
o-990214,2023-05-25 15:45:58,,2205.0
o-990215,2023-05-25 17:50:01,,9011.99
o-990216,2023-05-25 20:06:15,,899.96
o-990217,2023-05-25 22:48:41,,3096.98
o-990218,2023-05-26 09:25:33,,6333.0
o-990219,2023-05-26 11:09:12,,2314.0
o-990220,2023-05-26 12:36:29,,1233.99
o-990221,2023-05-26 14:31:04,,1503.0
o-990222,2023-05-26 16:20:14,,2741.97
o-990223,2023-05-26 17:58:33,,6073.97
o-990224,2023-05-26 20:31:51,,3304.0
o-990225,2023-05-27 00:12:02,,2450.98
o-990226,2023-05-27 22:40:19,,3662.98
o-990227,2023-05-28 22:34:31,,1749.97
o-990228,2023-05-29 09:30:57,,1918.99
o-990229,2023-05-29 11:20:00,,4391.99
o-990230,2023-05-29 12:58:06,,104.99
o-990231,2023-05-29 15:14:17,,779.98
o-990232,2023-05-29 16:46:40,,2647.98
o-990233,2023-05-29 18:51:26,,2301.97
o-990234,2023-05-29 22:10:29,,2737.94
o-990235,2023-05-30 08:03:50,,3689.96
o-990236,2023-05-30 09:53:51,,524.95
o-990237,2023-05-30 12:05:47,,1842.98
o-990238,2023-05-30 13:29:40,,1233.0
o-990239,2023-05-30 15:17:26,,1343.98
o-990240,2023-05-30 16:52:57,,1563.96
o-990241,2023-05-30 19:04:00,,4921.98
o-990242,2023-05-30 21:44:11,,779.98
o-990243,2023-05-31 06:26:03,,759.98
o-990244,2023-05-31 10:04:45,,493.99
o-990245,2023-05-31 11:27:35,,2032.0
o-990246,2023-05-31 13:13:16,,4392.98
o-990247,2023-05-31 14:44:37,,4000.99
o-990248,2023-05-31 16:47:20,,3123.99
o-990249,2023-05-31 18:52:46,,3732.0
o-990250,2023-05-31 22:14:29,,1692.99
o-990251,2023-06-01 08:17:09,,963.98
o-990252,2023-06-01 10:13:49,,1898.98
o-990253,2023-06-01 11:45:44,,673.98
o-990254,2023-06-01 13:49:34,,3908.99
o-990255,2023-06-01 15:57:13,,3828.99
o-990256,2023-06-01 18:12:32,,134.0
o-990257,2023-06-01 20:13:47,,2017.98
o-990258,2023-06-01 23:03:46,,134.99
o-990259,2023-06-02 08:52:42,,1309.98
o-990260,2023-06-02 11:07:09,,1243.97
o-990261,2023-06-02 12:32:23,,3900.37
o-990262,2023-06-02 14:22:52,,975.4
o-990263,2023-06-02 16:03:50,,521.91
o-990264,2023-06-02 17:25:45,,2672.04
o-990265,2023-06-02 19:09:36,,2939.51
o-990266,2023-06-02 21:55:23,,638.19
o-990267,2023-06-03 15:15:15,,1490.2
o-990268,2023-06-04 15:07:26,,4470.19
o-990269,2023-06-05 07:09:48,,100.13
o-990270,2023-06-05 09:52:53,,4104.42
o-990271,2023-06-05 12:03:51,,3977.56
o-990272,2023-06-05 13:25:48,,1514.53
o-990273,2023-06-05 15:09:42,,2729.14
o-990274,2023-06-05 16:37:29,,2992.35
o-990275,2023-06-05 18:33:04,,353.82
o-990276,2023-06-05 21:15:23,,2106.5
o-990277,2023-06-06 03:33:15,,173.07
o-990278,2023-06-06 09:54:40,,1346.44
o-990279,2023-06-06 12:07:25,,2587.49
o-990280,2023-06-06 13:32:56,,1123.42
o-990281,2023-06-06 15:23:58,,142.4
o-990282,2023-06-06 17:06:01,,645.59
o-990283,2023-06-06 18:30:08,,1267.14
o-990284,2023-06-06 21:06:35,,1849.62
o-990285,2023-06-07 02:40:27,,2242.86
o-990286,2023-06-07 09:56:35,,1031.44
o-990287,2023-06-07 12:11:16,,100.13
o-990288,2023-06-07 13:40:37,,508.18
o-990289,2023-06-07 15:39:20,,1807.33
o-990290,2023-06-07 17:36:45,,322.08
o-990291,2023-06-07 19:31:36,,4438.47
o-990292,2023-06-07 22:39:23,,7759.9
o-990293,2023-06-08 09:06:58,,520.85
o-990294,2023-06-08 10:32:01,,1462.71
o-990295,2023-06-08 12:22:08,,4167.82
o-990296,2023-06-08 14:02:22,,564.21
o-990297,2023-06-08 15:22:49,,559.96
o-990298,2023-06-08 17:03:44,,7755.62
o-990299,2023-06-08 18:25:33,,2454.27
o-990300,2023-06-08 20:52:51,,666.73
o-990301,2023-06-09 02:18:02,,500.75
o-990302,2023-06-09 09:31:56,,891.89
o-990303,2023-06-09 11:21:58,,448.95
o-990304,2023-06-09 13:02:01,,595.89
o-990305,2023-06-09 14:22:08,,2179.43
o-990306,2023-06-09 16:02:21,,1620.21
o-990307,2023-06-09 17:22:48,,1165.66
o-990308,2023-06-09 19:03:42,,331.63
o-990309,2023-06-09 21:43:35,,817.88
o-990310,2023-06-10 14:04:26,,4232.32
o-990311,2023-06-11 13:45:49,,2497.63
o-990312,2023-06-12 06:26:34,,141.37
o-990313,2023-06-12 10:05:19,,2984.96
o-990314,2023-06-12 11:28:44,,521.91
o-990315,2023-06-12 13:15:34,,881.32
o-990316,2023-06-12 14:49:13,,1267.17
o-990317,2023-06-12 16:56:32,,5120.3
o-990318,2023-06-12 19:11:09,,163.55
o-990319,2023-06-12 21:58:30,,2996.58
o-990320,2023-06-13 07:51:56,,848.55
o-990321,2023-06-13 10:39:13,,1028.26
o-990322,2023-06-13 12:36:32,,2805.26
o-990323,2023-06-13 14:31:10,,6324.33
o-990324,2023-06-13 16:20:25,,47.27
o-990325,2023-06-13 17:58:56,,2889.82
o-990326,2023-06-13 20:32:59,,100.13
o-990327,2023-06-14 00:18:51,,1372.86
o-990328,2023-06-14 09:20:49,,2178.36
o-990329,2023-06-14 10:59:44,,648.77
o-990330,2023-06-14 13:17:34,,2813.68
o-990331,2023-06-14 14:53:13,,3945.85
o-990332,2023-06-14 17:04:32,,1535.67
o-990333,2023-06-14 18:27:09,,934.18
o-990334,2023-06-14 20:57:39,,7208.07
o-990335,2023-06-15 02:46:50,,258.68
o-990336,2023-06-15 10:03:37,,2246.05
o-990337,2023-06-15 11:25:19,,2531.43
o-990338,2023-06-15 13:08:44,,512.37
o-990339,2023-06-15 14:35:34,,3312.65
o-990340,2023-06-15 16:29:13,,2869.69
o-990341,2023-06-15 18:16:32,,4445.82
o-990342,2023-06-15 20:25:47,,1827.42
o-990343,2023-06-15 23:35:39,,1008.16
o-990344,2023-06-16 09:30:58,,4062.14
o-990345,2023-06-16 11:20:01,,2260.78
o-990346,2023-06-16 12:58:08,,595.91
o-990347,2023-06-16 15:14:22,,4637.18
o-990348,2023-06-16 16:46:49,,911.96
o-990349,2023-06-16 18:51:44,,1103.3
o-990350,2023-06-16 22:11:23,,4470.19
o-990351,2023-06-17 15:51:14,,595.91
o-990352,2023-06-18 16:19:25,,3291.52
o-990353,2023-06-19 08:22:17,,3709.03
o-990354,2023-06-19 10:21:31,,624.42
o-990355,2023-06-19 12:01:08,,4747.15
o-990356,2023-06-19 13:20:22,,1260.83
o-990357,2023-06-19 14:58:49,,3171.01
o-990358,2023-06-19 17:15:44,,4399.35
o-990359,2023-06-19 18:49:33,,7268.33
o-990360,2023-06-19 22:04:51,,1166.75
o-990361,2023-06-20 07:30:02,,3394.04
o-990362,2023-06-20 10:15:08,,1166.75
o-990363,2023-06-20 11:48:22,,141.37
o-990364,2023-06-20 13:54:49,,3228.07
o-990365,2023-06-20 16:07:44,,771.37
o-990366,2023-06-20 17:33:34,,1876.06
o-990367,2023-06-20 19:25:13,,1167.81
o-990368,2023-06-20 22:26:37,,3320.04
o-990369,2023-06-21 08:41:26,,3743.91
o-990370,2023-06-21 10:50:14,,972.19
o-990371,2023-06-21 12:58:34,,6547.35
o-990372,2023-06-21 15:15:14,,8562.19
o-990373,2023-06-21 16:48:33,,406.64
o-990374,2023-06-21 18:55:12,,1651.94
o-990375,2023-06-21 22:21:47,,10752.53
o-990376,2023-06-22 08:31:45,,448.94
o-990377,2023-06-22 10:35:44,,1725.94
o-990378,2023-06-22 12:29:33,,5602.33
o-990379,2023-06-22 14:17:12,,343.24
o-990380,2023-06-22 15:52:30,,4087.47
o-990381,2023-06-22 18:03:05,,3215.4
o-990382,2023-06-22 19:45:26,,4036.73
o-990383,2023-06-22 23:07:04,,3835.92
o-990384,2023-06-23 08:56:40,,1029.29
o-990385,2023-06-23 11:13:05,,2327.4
o-990386,2023-06-23 12:44:16,,3809.5
o-990387,2023-06-23 14:46:38,,258.67
o-990388,2023-06-23 16:51:21,,1299.92
o-990389,2023-06-23 19:00:48,,205.83
o-990390,2023-06-23 21:37:47,,4501.89
o-990391,2023-06-24 13:29:39,,2362.32
o-990392,2023-06-25 13:36:14,,2100.14
o-990393,2023-06-26 06:07:24,,677.3
o-990394,2023-06-26 09:44:14,,5370.83
o-990395,2023-06-26 11:46:34,,2073.73
o-990396,2023-06-26 13:51:14,,1973.31
o-990397,2023-06-26 16:00:33,,2742.88
o-990398,2023-06-26 17:19:12,,3416.21
o-990399,2023-06-26 18:56:30,,1673.07
o-990400,2023-06-26 22:25:41,,1721.69
o-990401,2023-06-27 08:39:33,,5731.27
o-990402,2023-06-27 10:47:25,,1831.65
o-990403,2023-06-27 12:52:56,,1251.31
o-990404,2023-06-27 15:03:58,,1209.02
o-990405,2023-06-27 16:26:01,,2275.64
o-990406,2023-06-27 18:10:08,,6185.83
o-990407,2023-06-27 20:06:35,,9009.36
o-990408,2023-06-27 22:49:21,,3228.09
o-990409,2023-06-28 09:26:54,,3017.71
o-990410,2023-06-28 11:11:53,,237.54
o-990411,2023-06-28 12:41:52,,3312.65
o-990412,2023-06-28 14:41:50,,1175.21
o-990413,2023-06-28 16:41:45,,985.98
o-990414,2023-06-28 18:41:36,,3312.65
o-990415,2023-06-28 21:40:59,,4474.41
o-990416,2023-06-29 06:06:51,,2520.88
o-990417,2023-06-29 09:43:37,,3999.73
o-990418,2023-06-29 11:45:20,,987.03
o-990419,2023-06-29 13:48:46,,4158.31
o-990420,2023-06-29 15:55:37,,976.45
o-990421,2023-06-29 18:09:20,,3012.43
o-990422,2023-06-29 20:04:11,,2197.4
o-990423,2023-06-29 22:44:33,,269.25
o-990424,2023-06-30 09:17:18,,528.26
o-990425,2023-06-30 10:52:41,,729.09
o-990426,2023-06-30 13:03:28,,4042.05
o-990427,2023-06-30 14:25:02,,5480.76
o-990428,2023-06-30 16:08:09,,3091.68
o-990429,2023-06-30 17:34:24,,902.46
o-990430,2023-06-30 19:26:53,,2723.86
o-990431,2023-06-30 22:29:58,,559.96
o-990432,2023-07-01 17:42:44,,849.61
o-990433,2023-07-02 18:02:24,,2584.3
o-990434,2023-07-03 08:25:53,,783.0
o-990435,2023-07-03 10:26:55,,2592.77
o-990436,2023-07-03 12:11:55,,2510.31
o-990437,2023-07-03 13:41:56,,1017.67
o-990438,2023-07-03 15:41:58,,2000.76
o-990439,2023-07-03 17:42:01,,1151.94
o-990440,2023-07-03 19:42:15,,628.62
o-990441,2023-07-03 23:00:41,,6884.57
o-990442,2023-07-04 08:49:00,,1462.69
o-990443,2023-07-04 11:01:36,,4167.84
o-990444,2023-07-04 12:21:18,,1362.3
o-990445,2023-07-04 14:00:41,,1061.01
o-990446,2023-07-04 15:19:28,,374.96
o-990447,2023-07-04 16:57:01,,721.71
o-990448,2023-07-04 19:12:08,,3714.35
o-990449,2023-07-04 22:00:27,,3164.66
o-990450,2023-07-05 07:03:39,,1067.38
o-990451,2023-07-05 09:46:06,,5023.05
o-990452,2023-07-05 11:50:18,,5266.19
o-990453,2023-07-05 13:58:42,,2415.18
o-990454,2023-07-05 16:15:29,,1705.83
o-990455,2023-07-05 17:49:04,,1261.88
o-990456,2023-07-05 20:03:23,,3709.08
o-990457,2023-07-05 22:42:57,,1535.64
o-990458,2023-07-06 09:14:06,,1324.26
o-990459,2023-07-06 10:46:17,,1029.31
o-990460,2023-07-06 12:50:40,,7921.59
o-990461,2023-07-06 14:59:26,,2436.32
o-990462,2023-07-06 17:16:57,,364.38
o-990463,2023-07-06 18:52:00,,299.92
o-990464,2023-07-06 22:12:11,,4326.41
o-990465,2023-07-07 08:12:33,,1742.85
o-990466,2023-07-07 10:06:56,,2836.96
o-990467,2023-07-07 11:31:57,,849.62
o-990468,2023-07-07 13:22:00,,1926.78
o-990469,2023-07-07 15:02:05,,2682.58
o-990470,2023-07-07 16:22:16,,459.51
o-990471,2023-07-07 18:02:38,,5870.85
o-990472,2023-07-07 19:44:05,,2746.02
o-990473,2023-07-07 23:04:21,,3480.74
o-990474,2023-07-08 20:38:56,,1355.98
o-990475,2023-07-09 20:31:45,,754.45
o-990476,2023-07-10 09:15:55,,3732.34
o-990477,2023-07-10 10:49:55,,4965.92
o-990478,2023-07-10 12:57:56,,3883.47
o-990479,2023-07-10 15:13:58,,2457.45
o-990480,2023-07-10 16:46:01,,195.26
o-990481,2023-07-10 18:50:08,,2527.22
o-990482,2023-07-10 22:06:35,,36.7
o-990483,2023-07-11 07:40:26,,3768.23
o-990484,2023-07-11 10:26:35,,1943.67
o-990485,2023-07-11 12:11:15,,3892.99
o-990486,2023-07-11 13:40:36,,564.21
o-990487,2023-07-11 15:39:18,,1468.01
o-990488,2023-07-11 17:36:41,,783.0
o-990489,2023-07-11 19:31:28,,4108.62
o-990490,2023-07-11 22:39:07,,205.83
o-990491,2023-07-12 09:06:25,,902.44
o-990492,2023-07-12 10:30:56,,849.61
o-990493,2023-07-12 12:19:58,,616.01
o-990494,2023-07-12 13:58:01,,2901.43
o-990495,2023-07-12 16:14:08,,2603.3
o-990496,2023-07-12 17:46:22,,1483.84
o-990497,2023-07-12 19:55:17,,709.0
o-990498,2023-07-12 23:26:45,,5505.06
o-990499,2023-07-13 09:20:17,,3291.52
o-990500,2023-07-13 10:58:40,,4199.53
o-990501,2023-07-13 13:15:26,,898.23
o-990502,2023-07-13 14:48:57,,7091.8
o-990503,2023-07-13 16:56:00,,4262.97
o-990504,2023-07-13 19:10:06,,248.11
o-990505,2023-07-13 21:56:23,,4178.4
o-990506,2023-07-14 07:39:14,,3618.16
o-990507,2023-07-14 10:25:15,,1219.61
o-990508,2023-07-14 12:08:36,,1261.88
o-990509,2023-07-14 13:35:18,,3291.51
o-990510,2023-07-14 15:28:41,,1108.58
o-990511,2023-07-14 17:15:28,,3059.98
o-990512,2023-07-14 18:49:02,,2106.5
o-990513,2023-07-14 22:03:17,,1468.01
o-990514,2023-07-15 15:02:38,,4185.82
o-990515,2023-07-16 14:42:13,,3840.15
o-990516,2023-07-17 07:19:22,,8820.13
o-990517,2023-07-17 10:03:24,,5184.78
o-990518,2023-07-17 11:24:53,,353.82
o-990519,2023-07-17 13:07:52,,4603.36
o-990520,2023-07-17 14:33:50,,3946.9
o-990521,2023-07-17 16:25:45,,4709.03
o-990522,2023-07-17 18:09:36,,574.77
o-990523,2023-07-17 20:04:59,,3150.93
o-990524,2023-07-17 22:46:10,,1219.61
o-990525,2023-07-18 09:20:31,,2201.62
o-990526,2023-07-18 10:59:07,,743.89
o-990527,2023-07-18 13:16:20,,279.82
o-990528,2023-07-18 14:50:46,,1732.28
o-990529,2023-07-18 16:59:37,,2851.73
o-990530,2023-07-18 19:17:20,,929.93
o-990531,2023-07-18 22:10:51,,6532.57
o-990532,2023-07-19 08:06:03,,2425.75
o-990533,2023-07-19 09:57:10,,775.59
o-990534,2023-07-19 12:12:25,,1230.14
o-990535,2023-07-19 13:42:56,,987.03
o-990536,2023-07-19 15:43:58,,3365.51
o-990537,2023-07-19 17:46:01,,3987.07
o-990538,2023-07-19 19:54:15,,4139.3
o-990539,2023-07-19 23:24:41,,3146.68
o-990540,2023-07-20 09:17:48,,2020.87
o-990541,2023-07-20 10:53:42,,987.01
o-990542,2023-07-20 13:05:30,,743.91
o-990543,2023-07-20 14:29:05,,2808.41
o-990544,2023-07-20 16:16:16,,3519.83
o-990545,2023-07-20 17:50:38,,2933.12
o-990546,2023-07-20 20:08:05,,395.04
o-990547,2023-07-20 22:52:21,,278.77
o-990548,2023-07-21 09:32:53,,4041.0
o-990549,2023-07-21 11:23:52,,1398.25
o-990550,2023-07-21 13:05:50,,613.85
o-990551,2023-07-21 14:29:45,,2719.6
o-990552,2023-07-21 16:17:36,,691.04
o-990553,2023-07-21 17:53:18,,1272.45
o-990554,2023-07-21 20:16:05,,881.32
o-990555,2023-07-21 23:08:21,,4524.07
o-990556,2023-07-22 20:50:56,,4834.88
o-990557,2023-07-23 20:55:45,,6089.66
o-990558,2023-07-24 09:42:18,,6472.33
o-990559,2023-07-24 11:42:42,,1372.88
o-990560,2023-07-24 13:43:30,,4914.14
o-990561,2023-07-24 15:45:05,,4968.08
o-990562,2023-07-24 17:48:16,,258.68
o-990563,2023-07-24 20:00:59,,508.18
o-990564,2023-07-24 22:38:09,,1984.94
o-990565,2023-07-25 09:04:30,,528.26
o-990566,2023-07-25 10:27:05,,1622.35
o-990567,2023-07-25 12:12:16,,2258.7
o-990568,2023-07-25 13:42:38,,68.4
o-990569,2023-07-25 15:43:21,,121.26
o-990570,2023-07-25 17:44:48,,2725.96
o-990571,2023-07-25 19:50:35,,2353.87
o-990572,2023-07-25 23:17:22,,3563.17
o-990573,2023-07-26 09:09:01,,1725.94
o-990574,2023-07-26 10:36:08,,1963.77
o-990575,2023-07-26 12:30:21,,1493.38
o-990576,2023-07-26 14:18:48,,1008.17
o-990577,2023-07-26 15:55:42,,257.63
o-990578,2023-07-26 18:09:29,,1440.5
o-990579,2023-07-26 20:04:39,,6110.8
o-990580,2023-07-26 22:45:29,,5511.43
o-990581,2023-07-27 09:19:09,,1061.02
o-990582,2023-07-27 10:56:24,,2154.06
o-990583,2023-07-27 13:10:53,,775.61
o-990584,2023-07-27 14:39:52,,876.04
o-990585,2023-07-27 16:37:50,,4421.57
o-990586,2023-07-27 18:33:45,,3386.66
o-990587,2023-07-27 21:17:27,,1007.12
o-990588,2023-07-28 03:45:38,,9544.24
o-990589,2023-07-28 10:08:17,,2551.55
o-990590,2023-07-28 11:34:40,,3017.71
o-990591,2023-07-28 13:27:26,,919.34
o-990592,2023-07-28 15:12:57,,1352.79
o-990593,2023-07-28 16:44:00,,1567.37
o-990594,2023-07-28 18:46:06,,698.43
o-990595,2023-07-28 21:54:29,,985.99
o-990596,2023-07-29 15:09:50,,2520.88
o-990597,2023-07-30 14:56:37,,142.41
o-990598,2023-07-31 07:48:10,,2972.25
o-990599,2023-07-31 10:35:05,,4336.97
o-990600,2023-07-31 12:28:15,,383.44
o-990601,2023-07-31 14:14:36,,771.37
o-990602,2023-07-31 15:47:18,,1029.29
o-990603,2023-07-31 17:52:41,,5438.46
o-990604,2023-07-31 20:14:15,,4600.18
o-990605,2023-07-31 23:04:41,,4675.17
o-990606,2023-08-01 08:53:48,,3809.5
o-990607,2023-08-01 11:08:48,,2721.72
o-990608,2023-08-01 12:35:42,,1109.66
o-990609,2023-08-01 14:29:29,,725.58
o-990610,2023-08-01 16:17:04,,725.59
o-990611,2023-08-01 17:52:13,,1095.64
o-990612,2023-08-01 20:12:51,,660.68
o-990613,2023-08-01 23:01:53,,1119.45
o-990614,2023-08-02 08:50:27,,2436.26
o-990615,2023-08-02 11:03:46,,2710.0
o-990616,2023-08-02 12:25:38,,2875.54
o-990617,2023-08-02 14:09:21,,588.19
o-990618,2023-08-02 15:36:48,,4309.18
o-990619,2023-08-02 17:31:42,,1961.24
o-990620,2023-08-02 19:21:29,,1194.12
o-990621,2023-08-02 22:19:10,,7252.23
o-990622,2023-08-03 08:26:31,,2622.35
o-990623,2023-08-03 10:27:52,,1711.28
o-990624,2023-08-03 12:13:50,,1551.14
o-990625,2023-08-03 13:45:45,,2275.03
o-990626,2023-08-03 15:49:36,,3097.36
o-990627,2023-08-03 17:57:17,,659.61
o-990628,2023-08-03 20:28:03,,3546.38
o-990629,2023-08-03 23:49:14,,1226.57
o-990630,2023-08-04 09:47:16,,7119.15
o-990631,2023-08-04 11:52:38,,3811.45
o-990632,2023-08-04 14:03:21,,5498.29
o-990633,2023-08-04 15:24:48,,1387.8
o-990634,2023-08-04 17:07:42,,6502.4
o-990635,2023-08-04 18:33:29,,113.19
o-990636,2023-08-04 21:16:39,,1378.01
o-990637,2023-08-05 11:22:50,,2655.87
o-990638,2023-08-06 11:22:36,,804.56
o-990639,2023-08-07 03:40:09,,3704.34
o-990640,2023-08-07 10:02:15,,5728.74
o-990641,2023-08-07 11:22:36,,145.64
o-990642,2023-08-07 13:03:18,,1055.62
o-990643,2023-08-07 14:24:41,,1906.08
o-990644,2023-08-07 16:07:28,,1322.85
o-990645,2023-08-07 17:33:02,,1702.63
o-990646,2023-08-07 19:24:09,,6666.87
o-990647,2023-08-07 22:24:29,,6052.29
o-990648,2023-08-08 08:37:10,,1248.22
o-990649,2023-08-08 10:43:50,,3336.46
o-990650,2023-08-08 12:45:46,,3899.05
o-990651,2023-08-08 14:49:38,,3788.76
o-990652,2023-08-08 16:57:21,,3872.06
o-990653,2023-08-08 19:12:48,,4975.64
o-990654,2023-08-08 22:01:47,,609.82
o-990655,2023-08-09 07:11:39,,1916.89
o-990656,2023-08-09 09:54:54,,857.6
o-990657,2023-08-09 12:07:54,,1848.73
o-990658,2023-08-09 13:33:53,,3834.15
o-990659,2023-08-09 15:25:52,,1373.72
o-990660,2023-08-09 17:09:50,,3047.56
o-990661,2023-08-09 18:37:45,,3041.09
o-990662,2023-08-09 21:29:27,,1356.4
o-990663,2023-08-10 04:57:38,,5090.4
o-990664,2023-08-10 10:27:29,,772.12
o-990665,2023-08-10 12:13:04,,145.65
o-990666,2023-08-10 13:44:14,,833.79
o-990667,2023-08-10 15:46:33,,2312.88
o-990668,2023-08-10 17:51:12,,1020.98
o-990669,2023-08-10 20:09:47,,2850.65
o-990670,2023-08-10 22:55:46,,328.5
o-990671,2023-08-11 09:39:43,,1863.85
o-990672,2023-08-11 11:37:31,,2547.68
o-990673,2023-08-11 13:33:08,,988.52
o-990674,2023-08-11 15:24:22,,2742.45
o-990675,2023-08-11 17:06:49,,4185.83
o-990676,2023-08-11 18:31:44,,1690.73
o-990677,2023-08-11 21:11:23,,426.94
o-990678,2023-08-12 10:51:15,,2742.45
o-990679,2023-08-13 11:19:26,,6028.48
o-990680,2023-08-14 03:33:48,,1035.06
o-990681,2023-08-14 09:55:17,,811.06
o-990682,2023-08-14 12:08:39,,1369.38
o-990683,2023-08-14 13:35:24,,2649.39
o-990684,2023-08-14 15:28:54,,617.4
o-990685,2023-08-14 17:15:53,,1518.7
o-990686,2023-08-14 18:49:52,,833.79
o-990687,2023-08-14 22:05:47,,1766.48
o-990688,2023-08-15 07:35:39,,756.98
o-990689,2023-08-15 10:21:18,,221.38
o-990690,2023-08-15 12:00:42,,3710.85
o-990691,2023-08-15 13:19:29,,3440.3
o-990692,2023-08-15 14:57:04,,4641.37
o-990693,2023-08-15 17:12:14,,5734.18
o-990694,2023-08-15 18:42:33,,2091.08
o-990695,2023-08-15 21:43:51,,1092.41
o-990696,2023-08-16 06:24:02,,2014.26
o-990697,2023-08-16 10:02:32,,2958.83
o-990698,2023-08-16 11:23:10,,3379.75
o-990699,2023-08-16 13:04:25,,2335.63
o-990700,2023-08-16 14:26:56,,835.96
o-990701,2023-08-16 16:11:57,,2612.6
o-990702,2023-08-16 17:42:00,,2511.96
o-990703,2023-08-16 19:42:11,,2983.74
o-990704,2023-08-16 23:00:34,,8856.83
o-990705,2023-08-17 08:48:52,,4439.03
o-990706,2023-08-17 11:01:23,,5176.93
o-990707,2023-08-17 12:20:52,,1417.0
o-990708,2023-08-17 13:59:50,,1248.22
o-990709,2023-08-17 16:17:45,,7186.21
o-990710,2023-08-17 17:53:36,,1389.94
o-990711,2023-08-17 20:16:59,,4261.58
o-990712,2023-08-17 23:10:09,,145.65
o-990713,2023-08-18 09:00:23,,2454.63
o-990714,2023-08-18 10:18:51,,577.38
o-990715,2023-08-18 11:55:48,,2891.75
o-990716,2023-08-18 14:09:41,,2742.45
o-990717,2023-08-18 15:37:28,,3736.79
o-990718,2023-08-18 17:33:02,,2997.8
o-990719,2023-08-18 19:24:09,,3583.16
o-990720,2023-08-18 22:24:30,,756.98
o-990721,2023-08-19 17:09:56,,3063.8
o-990722,2023-08-20 16:56:48,,2187.35
o-990723,2023-08-21 09:07:09,,2601.79
o-990724,2023-08-21 10:32:24,,2410.27
o-990725,2023-08-21 12:22:54,,145.64
o-990726,2023-08-21 14:03:53,,2577.99
o-990727,2023-08-21 15:25:52,,4103.61
o-990728,2023-08-21 17:09:49,,1168.13
o-990729,2023-08-21 18:37:44,,588.16
o-990730,2023-08-21 21:29:23,,134.82
o-990731,2023-08-22 04:57:15,,2058.61
o-990732,2023-08-22 10:27:04,,1441.89
o-990733,2023-08-22 12:12:14,,6257.85
o-990734,2023-08-22 13:42:33,,3844.99
o-990735,2023-08-22 15:43:12,,3227.18
o-990736,2023-08-22 17:44:29,,1615.01
o-990737,2023-08-22 19:49:39,,901.97
o-990738,2023-08-22 23:15:29,,3293.19
o-990739,2023-08-23 09:06:46,,5954.92
o-990740,2023-08-23 10:31:38,,3011.86
o-990741,2023-08-23 12:21:21,,2318.25
o-990742,2023-08-23 14:00:48,,2112.7
o-990743,2023-08-23 15:19:42,,2198.22
o-990744,2023-08-23 16:57:29,,1924.45
o-990745,2023-08-23 19:13:04,,1031.8
o-990746,2023-08-23 22:02:19,,520.03
o-990747,2023-08-24 07:14:51,,1138.92
o-990748,2023-08-24 09:58:25,,2228.48
o-990749,2023-08-24 12:14:56,,1103.22
o-990750,2023-08-24 13:47:58,,2928.55
o-990751,2023-08-24 15:54:01,,102.37
o-990752,2023-08-24 18:06:08,,3561.52
o-990753,2023-08-24 19:54:35,,869.52
o-990754,2023-08-24 23:25:21,,2634.24
o-990755,2023-08-25 09:18:37,,188.92
o-990756,2023-08-25 10:55:19,,1513.3
o-990757,2023-08-25 13:08:44,,1550.09
o-990758,2023-08-25 14:35:34,,479.97
o-990759,2023-08-25 16:29:13,,4186.92
o-990760,2023-08-25 18:16:32,,1494.92
o-990761,2023-08-25 20:25:47,,1869.29
o-990762,2023-08-25 23:35:39,,1849.8
o-990763,2023-08-26 22:12:49,,1063.2
o-990764,2023-08-27 21:39:31,,660.68
o-990765,2023-08-28 09:30:28,,2634.24
o-990766,2023-08-28 11:19:01,,977.71
o-990767,2023-08-28 12:56:08,,6598.7
o-990768,2023-08-28 15:10:22,,1196.27
o-990769,2023-08-28 16:38:49,,1269.82
o-990770,2023-08-28 18:35:44,,1475.39
o-990771,2023-08-28 21:23:23,,768.85
o-990772,2023-08-29 04:21:14,,490.82
o-990773,2023-08-29 09:47:27,,2611.53
o-990774,2023-08-29 11:53:00,,2166.82
o-990775,2023-08-29 14:04:06,,1528.45
o-990776,2023-08-29 15:26:17,,524.32
o-990777,2023-08-29 17:10:40,,2807.37
o-990778,2023-08-29 18:39:26,,1744.85
o-990779,2023-08-29 21:34:29,,8762.69
o-990780,2023-08-30 05:27:50,,2496.82
o-990781,2023-08-30 10:00:43,,718.02
o-990782,2023-08-30 11:19:32,,663.91
o-990783,2023-08-30 12:57:09,,2742.43
o-990784,2023-08-30 15:12:24,,512.42
o-990785,2023-08-30 16:42:54,,3464.14
o-990786,2023-08-30 18:43:53,,1874.69
o-990787,2023-08-30 21:47:50,,4643.53
o-990788,2023-08-31 06:47:57,,2986.98
o-990789,2023-08-31 10:28:50,,5301.39
o-990790,2023-08-31 12:15:46,,822.97
o-990791,2023-08-31 13:49:37,,2849.58
o-990792,2023-08-31 15:57:20,,1280.67
o-990793,2023-08-31 18:12:46,,1460.26
o-990794,2023-08-31 20:14:29,,1598.77
o-990795,2023-08-31 23:05:09,,2350.74
o-990796,2023-09-01 08:54:22,,4126.31
o-990797,2023-09-01 11:09:39,,1766.5
o-990798,2023-09-01 12:37:24,,1432.14
o-990799,2023-09-01 14:32:53,,696.36
o-990800,2023-09-01 16:23:52,,1486.23
o-990801,2023-09-01 18:05:50,,3829.84
o-990802,2023-09-01 19:53:41,,2654.8
o-990803,2023-09-01 23:23:33,,1387.8
o-990804,2023-09-02 21:36:32,,1615.0
o-990805,2023-09-03 21:26:57,,4204.23
o-990806,2023-09-04 09:16:38,,977.71
o-990807,2023-09-04 10:51:21,,1860.62
o-990808,2023-09-04 13:00:48,,3257.48
o-990809,2023-09-04 14:19:41,,8411.04
o-990810,2023-09-04 15:57:28,,4179.34
o-990811,2023-09-04 18:13:02,,91.54
o-990812,2023-09-04 20:15:17,,577.38
o-990813,2023-09-04 23:06:45,,3401.38
o-990814,2023-09-05 08:56:18,,2631.02
o-990815,2023-09-05 11:12:32,,4954.07
o-990816,2023-09-05 12:43:10,,6737.2
o-990817,2023-09-05 14:44:25,,4759.28
o-990818,2023-09-05 16:46:56,,858.67
o-990819,2023-09-05 18:51:58,,5247.3
o-990820,2023-09-05 22:12:05,,2943.7
o-990821,2023-09-06 08:12:21,,3563.69
o-990822,2023-09-06 10:06:37,,3221.79
o-990823,2023-09-06 11:31:20,,5825.06
o-990824,2023-09-06 13:20:46,,4295.1
o-990825,2023-09-06 14:59:37,,2482.77
o-990826,2023-09-06 17:17:20,,329.57
o-990827,2023-09-06 18:52:46,,2953.44
o-990828,2023-09-06 22:14:29,,2385.4
o-990829,2023-09-07 08:17:09,,3895.82
o-990830,2023-09-07 10:13:49,,1709.15
o-990831,2023-09-07 11:45:44,,1492.74
o-990832,2023-09-07 13:49:34,,6413.67
o-990833,2023-09-07 15:57:13,,1194.12
o-990834,2023-09-07 18:12:32,,3991.04
o-990835,2023-09-07 20:13:47,,3023.74
o-990836,2023-09-07 23:03:45,,4849.1
o-990837,2023-09-08 08:52:42,,1182.21
o-990838,2023-09-08 11:07:08,,490.82
o-990839,2023-09-08 12:32:22,,2536.86
o-990840,2023-09-08 14:22:50,,1020.98
o-990841,2023-09-08 16:03:45,,4263.75
o-990842,2023-09-08 17:25:36,,1161.62
o-990843,2023-09-08 19:09:18,,3999.73
o-990844,2023-09-08 21:54:47,,869.51
o-990845,2023-09-09 15:11:38,,5286.18
o-990846,2023-09-10 15:00:13,,2431.92
o-990847,2023-09-11 06:55:22,,2793.31
o-990848,2023-09-11 10:37:00,,2844.16
o-990849,2023-09-11 12:32:05,,3725.98
o-990850,2023-09-11 14:22:16,,1247.14
o-990851,2023-09-11 16:02:38,,3882.88
o-990852,2023-09-11 17:23:21,,5723.38
o-990853,2023-09-11 19:04:48,,1616.06
o-990854,2023-09-11 21:45:47,,4752.81
o-990855,2023-09-12 06:35:39,,1064.26
o-990856,2023-09-12 10:15:18,,4731.16
o-990857,2023-09-12 11:48:42,,360.97
o-990858,2023-09-12 13:55:29,,3999.74
o-990859,2023-09-12 16:09:04,,2627.77
o-990860,2023-09-12 17:36:14,,1016.65
o-990861,2023-09-12 19:30:33,,4634.87
o-990862,2023-09-12 22:37:18,,3120.06
o-990863,2023-09-13 09:02:47,,8594.97
o-990864,2023-09-13 10:23:40,,253.84
o-990865,2023-09-13 12:05:25,,2637.5
o-990866,2023-09-13 13:28:56,,2610.43
o-990867,2023-09-13 15:15:57,,253.84
o-990868,2023-09-13 16:50:00,,3902.37
o-990869,2023-09-13 18:58:06,,8739.97
o-990870,2023-09-13 22:30:29,,2482.77
o-990871,2023-09-14 08:49:09,,2328.05
o-990872,2023-09-14 11:01:49,,3559.31
o-990873,2023-09-14 12:21:44,,37.45
o-990874,2023-09-14 14:01:34,,1108.63
o-990875,2023-09-14 15:21:13,,1248.22
o-990876,2023-09-14 17:00:32,,2350.72
o-990877,2023-09-14 18:19:10,,1647.45
o-990878,2023-09-14 20:33:41,,2753.27
o-990879,2023-09-15 00:23:02,,3256.39
o-990880,2023-09-15 09:25:26,,2634.24
o-990881,2023-09-15 11:08:58,,5327.32
o-990882,2023-09-15 12:36:01,,4296.21
o-990883,2023-09-15 14:30:08,,2850.65
o-990884,2023-09-15 16:18:22,,2145.19
o-990885,2023-09-15 17:54:49,,837.03
o-990886,2023-09-15 20:20:39,,2361.58
o-990887,2023-09-15 23:17:29,,1410.51
o-990888,2023-09-16 21:18:20,,4793.88
o-990889,2023-09-17 20:50:32,,1431.03
o-990890,2023-09-18 09:36:35,,3826.58
o-990891,2023-09-18 11:31:15,,3096.25
o-990892,2023-09-18 13:20:36,,2904.74
o-990893,2023-09-18 14:59:18,,965.8
o-990894,2023-09-18 17:16:41,,5914.86
o-990895,2023-09-18 18:51:28,,188.92
o-990896,2023-09-18 22:10:35,,2188.46
o-990897,2023-09-19 08:04:27,,7027.15
o-990898,2023-09-19 09:54:46,,2123.53
o-990899,2023-09-19 12:07:37,,3984.59
o-990900,2023-09-19 13:33:20,,793.75
o-990901,2023-09-19 15:24:46,,1863.87
o-990902,2023-09-19 17:07:37,,718.02
o-990903,2023-09-19 18:33:20,,2900.43
o-990904,2023-09-19 21:16:11,,3401.37
o-990905,2023-09-20 03:38:03,,3369.96
o-990906,2023-09-20 09:59:57,,102.37
o-990907,2023-09-20 12:17:59,,3498.77
o-990908,2023-09-20 13:54:04,,3790.9
o-990909,2023-09-20 16:06:14,,2807.37
o-990910,2023-09-20 17:30:33,,2837.65
o-990911,2023-09-20 19:19:12,,1711.3
o-990912,2023-09-20 22:14:35,,1885.48
o-990913,2023-09-21 08:17:21,,3379.74
o-990914,2023-09-21 10:14:07,,563.3
o-990915,2023-09-21 11:46:20,,2172.22
o-990916,2023-09-21 13:50:46,,966.88
o-990917,2023-09-21 15:59:37,,1712.39
o-990918,2023-09-21 18:17:20,,253.83
o-990919,2023-09-21 20:28:11,,520.03
o-990920,2023-09-21 23:50:03,,3228.27
o-990921,2023-09-22 09:48:15,,1063.2
o-990922,2023-09-22 11:54:35,,1356.41
o-990923,2023-09-22 14:07:16,,2417.85
o-990924,2023-09-22 15:32:37,,318.76
o-990925,2023-09-22 17:23:20,,2346.44
o-990926,2023-09-22 19:04:46,,3293.16
o-990927,2023-09-22 21:45:43,,1064.23
o-990928,2023-09-23 14:17:14,,3524.75
o-990929,2023-09-24 14:11:25,,2580.13
o-990930,2023-09-25 06:17:46,,1010.15
o-990931,2023-09-25 09:55:38,,48.27
o-990932,2023-09-25 12:09:22,,3141.72
o-990933,2023-09-25 13:36:50,,2435.15
o-990934,2023-09-25 15:31:45,,1178.96
o-990935,2023-09-25 17:21:36,,4686.8
o-990936,2023-09-25 19:01:18,,2385.4
o-990937,2023-09-25 21:38:47,,998.24
o-990938,2023-09-26 05:53:38,,2249.02
o-990939,2023-09-26 10:29:06,,4915.11
o-990940,2023-09-26 12:16:17,,2957.78
o-990941,2023-09-26 13:50:40,,1200.59
o-990942,2023-09-26 15:59:26,,3682.71
o-990943,2023-09-26 18:16:57,,6527.27
o-990944,2023-09-26 20:27:03,,4976.74
o-990945,2023-09-26 23:43:14,,3948.82
o-990946,2023-09-27 09:40:04,,383.67
o-990947,2023-09-27 11:38:14,,680.17
o-990948,2023-09-27 13:34:33,,653.1
o-990949,2023-09-27 15:27:12,,2269.63
o-990950,2023-09-27 17:12:30,,3725.99
o-990951,2023-09-27 18:43:05,,999.34
o-990952,2023-09-27 21:45:26,,2882.03
o-990953,2023-09-28 06:33:33,,3124.4
o-990954,2023-09-28 10:13:00,,199.74
o-990955,2023-09-28 11:44:05,,3009.72
o-990956,2023-09-28 13:46:16,,900.9
o-990957,2023-09-28 15:50:38,,3498.72
o-990958,2023-09-28 17:59:21,,144.58
o-990959,2023-09-28 20:34:15,,221.39
o-990960,2023-09-29 00:26:26,,577.38
o-990961,2023-09-29 09:29:10,,3941.31
o-990962,2023-09-29 11:16:26,,5882.38
o-990963,2023-09-29 12:50:57,,999.34
o-990964,2023-09-29 15:00:00,,718.01
o-990965,2023-09-29 16:18:06,,1613.93
o-990966,2023-09-29 17:54:17,,3141.72
o-990967,2023-09-29 20:19:03,,1106.46
o-990968,2023-09-29 23:14:17,,1106.45
o-990969,2023-09-30 21:08:44,,169.63
o-990970,2023-10-01 20:31:20,,1535.18
o-990971,2023-10-02 09:15:28,,4806.33
o-990972,2023-10-02 10:49:01,,3917.17
o-990973,2023-10-02 12:56:08,,1867.8
o-990974,2023-10-02 15:10:22,,2603.26
o-990975,2023-10-02 16:38:49,,4644.97
o-990976,2023-10-02 18:35:44,,2427.59
o-990977,2023-10-02 21:23:23,,2143.32
o-990978,2023-10-03 04:21:15,,3767.92
o-990979,2023-10-03 09:47:28,,1748.1
o-990980,2023-10-03 11:53:01,,257.45
o-990981,2023-10-03 14:04:08,,5346.38
o-990982,2023-10-03 15:26:22,,659.2
o-990983,2023-10-03 17:10:49,,2281.57
o-990984,2023-10-03 18:39:44,,4217.96
o-990985,2023-10-03 21:35:23,,695.42
o-990986,2023-10-04 05:33:15,,1672.36
o-990987,2023-10-04 10:06:40,,4575.78
o-990988,2023-10-04 11:31:25,,935.84
o-990989,2023-10-04 13:20:56,,866.67
o-990990,2023-10-04 14:59:58,,3052.19
o-990991,2023-10-04 17:18:01,,2446.25
o-990992,2023-10-04 18:54:08,,2329.89
o-990993,2023-10-04 22:18:35,,801.89
o-990994,2023-10-05 08:25:21,,2176.21
o-990995,2023-10-05 10:26:08,,3894.12
o-990996,2023-10-05 12:10:21,,607.63
o-990997,2023-10-05 13:38:48,,4932.57
o-990998,2023-10-05 15:35:41,,1903.99
o-990999,2023-10-05 17:29:28,,553.82
o-991000,2023-10-05 19:17:02,,1733.87
o-991001,2023-10-05 22:10:15,,585.69
o-991002,2023-10-06 08:02:26,,4239.92
o-991003,2023-10-06 09:51:45,,5249.76
o-991004,2023-10-06 12:01:36,,2242.09
o-991005,2023-10-06 13:21:17,,312.32
o-991006,2023-10-06 15:00:40,,2341.96
o-991007,2023-10-06 16:19:26,,2957.77
o-991008,2023-10-06 17:56:57,,5144.39
o-991009,2023-10-06 20:27:03,,1024.75
o-991010,2023-10-06 23:43:14,,4831.56
o-991011,2023-10-07 22:35:35,,1705.32
o-991012,2023-10-08 22:25:02,,717.37
o-991013,2023-10-09 09:20:32,,1327.72
o-991014,2023-10-09 10:59:10,,1002.79
o-991015,2023-10-09 13:16:25,,146.61
o-991016,2023-10-09 14:50:56,,4458.37
o-991017,2023-10-09 16:59:57,,8018.2
o-991018,2023-10-09 19:18:00,,596.65
o-991019,2023-10-09 22:12:11,,8568.1
o-991020,2023-10-10 08:12:34,,475.9
o-991021,2023-10-10 10:06:56,,323.31
o-991022,2023-10-10 11:31:58,,1310.16
o-991023,2023-10-10 13:22:02,,639.48
o-991024,2023-10-10 15:02:09,,702.02
o-991025,2023-10-10 16:22:24,,2452.86
o-991026,2023-10-10 18:02:53,,560.42
o-991027,2023-10-10 19:44:51,,2529.7
o-991028,2023-10-10 23:05:53,,7625.18
o-991029,2023-10-11 08:55:15,,2457.25
o-991030,2023-10-11 11:10:58,,103.78
o-991031,2023-10-11 12:40:02,,3713.03
o-991032,2023-10-11 14:38:09,,146.61
o-991033,2023-10-11 16:34:24,,4122.43
o-991034,2023-10-11 18:26:54,,2463.84
o-991035,2023-10-11 20:56:53,,2044.5
o-991036,2023-10-12 02:42:14,,849.11
o-991037,2023-10-12 09:58:33,,1644.95
o-991038,2023-10-12 12:15:12,,2851.32
o-991039,2023-10-12 13:48:30,,345.24
o-991040,2023-10-12 15:55:05,,4070.86
o-991041,2023-10-12 18:08:16,,4487.98
o-991042,2023-10-12 20:00:59,,1714.12
o-991043,2023-10-12 22:38:09,,3110.39
o-991044,2023-10-13 09:04:30,,2074.13
o-991045,2023-10-13 10:27:05,,910.58
o-991046,2023-10-13 12:12:16,,909.49
o-991047,2023-10-13 13:42:38,,213.54
o-991048,2023-10-13 15:43:21,,2580.2
o-991049,2023-10-13 17:44:48,,812.86
o-991050,2023-10-13 19:50:35,,997.3
o-991051,2023-10-13 23:17:21,,1485.79
o-991052,2023-10-14 21:17:56,,146.61
o-991053,2023-10-15 20:49:45,,717.39
o-991054,2023-10-16 09:35:43,,1517.61
o-991055,2023-10-16 11:29:31,,789.81
o-991056,2023-10-16 13:17:08,,3648.25
o-991057,2023-10-16 14:52:22,,3469.33
o-991058,2023-10-16 17:02:49,,2726.16
o-991059,2023-10-16 18:23:44,,4522.02
o-991060,2023-10-16 20:47:23,,114.76
o-991061,2023-10-17 01:45:15,,8144.41
o-991062,2023-10-17 09:55:52,,7565.92
o-991063,2023-10-17 12:09:49,,300.27
o-991064,2023-10-17 13:37:44,,4935.86
o-991065,2023-10-17 15:33:34,,2176.24
o-991066,2023-10-17 17:25:13,,1211.34
o-991067,2023-10-17 19:08:32,,980.84
o-991068,2023-10-17 21:53:15,,991.82
o-991069,2023-10-18 07:20:27,,2811.78
o-991070,2023-10-18 10:04:35,,2370.48
o-991071,2023-10-18 11:27:15,,2230.04
o-991072,2023-10-18 13:12:36,,389.16
o-991073,2023-10-18 14:43:18,,3789.87
o-991074,2023-10-18 16:44:41,,8346.42
o-991075,2023-10-18 18:47:28,,191.59
o-991076,2023-10-18 21:58:35,,3119.13
o-991077,2023-10-19 07:52:27,,37.92
o-991078,2023-10-19 10:39:47,,2041.2
o-991079,2023-10-19 12:37:40,,3714.11
o-991080,2023-10-19 14:33:25,,849.11
o-991081,2023-10-19 16:24:56,,2121.35
o-991082,2023-10-19 18:07:58,,1386.98
o-991083,2023-10-19 20:00:05,,845.81
o-991084,2023-10-19 22:36:21,,312.32
o-991085,2023-10-20 09:00:53,,1199.3
o-991086,2023-10-20 10:19:52,,1239.89
o-991087,2023-10-20 11:57:50,,3384.79
o-991088,2023-10-20 14:13:45,,2294.79
o-991089,2023-10-20 15:45:36,,658.12
o-991090,2023-10-20 17:49:18,,212.45
o-991091,2023-10-20 20:04:05,,1091.72
o-991092,2023-10-20 22:44:21,,2859.01
o-991093,2023-10-21 19:09:03,,356.23
o-991094,2023-10-22 18:50:30,,1338.69
o-991095,2023-10-23 09:23:36,,3325.53
o-991096,2023-10-23 11:05:17,,3056.57
o-991097,2023-10-23 12:28:40,,1266.26
o-991098,2023-10-23 14:15:26,,5021.47
o-991099,2023-10-23 15:48:57,,3457.22
o-991100,2023-10-23 17:56:00,,1790.96
o-991101,2023-10-23 20:24:11,,640.55
o-991102,2023-10-23 23:26:03,,3001.67
o-991103,2023-10-24 09:19:26,,955.57
o-991104,2023-10-24 10:56:58,,2998.4
o-991105,2023-10-24 13:12:02,,4119.18
o-991106,2023-10-24 14:42:09,,1966.58
o-991107,2023-10-24 16:42:24,,2749.25
o-991108,2023-10-24 18:42:54,,4549.45
o-991109,2023-10-24 21:44:53,,1364.99
o-991110,2023-10-25 06:30:14,,1934.75
o-991111,2023-10-25 10:09:21,,2214.66
o-991112,2023-10-25 11:36:48,,5650.46
o-991113,2023-10-25 13:31:42,,5456.15
o-991114,2023-10-25 15:21:29,,3264.03
o-991115,2023-10-25 17:01:04,,903.99
o-991116,2023-10-25 18:20:13,,548.36
o-991117,2023-10-25 20:36:51,,2112.53
o-991118,2023-10-26 00:42:02,,433.07
o-991119,2023-10-26 09:46:20,,2738.25
o-991120,2023-10-26 11:50:46,,2707.52
o-991121,2023-10-26 13:59:37,,2021.46
o-991122,2023-10-26 16:17:20,,2989.64
o-991123,2023-10-26 17:52:46,,3328.84
o-991124,2023-10-26 20:14:29,,1023.66
o-991125,2023-10-26 23:05:09,,4501.13
o-991126,2023-10-27 08:54:22,,2996.23
o-991127,2023-10-27 11:09:39,,1407.87
o-991128,2023-10-27 12:37:23,,1573.57
o-991129,2023-10-27 14:32:52,,3787.68
o-991130,2023-10-27 16:23:50,,1809.62
o-991131,2023-10-27 18:05:45,,3902.88
o-991132,2023-10-27 19:53:27,,2559.34
o-991133,2023-10-27 23:23:05,,1919.38
o-991134,2023-10-28 21:35:08,,910.58
o-991135,2023-10-29 21:12:08,,213.54
o-991136,2023-10-30 09:00:20,,1593.36
o-991137,2023-10-30 10:18:46,,2683.35
o-991138,2023-10-30 11:55:38,,6403.48
o-991139,2023-10-30 14:09:21,,1593.37
o-991140,2023-10-30 15:36:48,,4931.46
o-991141,2023-10-30 17:31:42,,2954.5
o-991142,2023-10-30 19:21:29,,3142.24
o-991143,2023-10-30 22:19:10,,3000.62
o-991144,2023-10-31 08:26:31,,3023.63
o-991145,2023-10-31 10:27:52,,3100.47
o-991146,2023-10-31 12:13:50,,1672.37
o-991147,2023-10-31 13:45:45,,1458.34
o-991148,2023-10-31 15:49:36,,103.78
o-991149,2023-10-31 17:57:18,,1835.91
o-991150,2023-10-31 20:28:05,,1200.37
o-991151,2023-10-31 23:49:26,,146.61
o-991152,2023-11-01 09:47:31,,2749.25
o-991153,2023-11-01 11:53:07,,4283.83
o-991154,2023-11-01 14:04:20,,1952.3
o-991155,2023-11-01 15:26:46,,4755.83
o-991156,2023-11-01 17:11:37,,1365.03
o-991157,2023-11-01 18:41:20,,2749.25
o-991158,2023-11-01 21:40:11,,5160.87
o-991159,2023-11-02 06:02:03,,4503.32
o-991160,2023-11-02 09:38:20,,3922.64
o-991161,2023-11-02 11:34:46,,3130.14
o-991162,2023-11-02 13:27:38,,5182.78
o-991163,2023-11-02 15:13:21,,2848.0
o-991164,2023-11-02 16:44:48,,4211.35
o-991165,2023-11-02 18:47:42,,1908.4
o-991166,2023-11-02 21:59:17,,1843.63
o-991167,2023-11-03 07:56:38,,4699.87
o-991168,2023-11-03 10:44:24,,4393.6
o-991169,2023-11-03 12:46:53,,6220.05
o-991170,2023-11-03 14:51:52,,235.47
o-991171,2023-11-03 17:01:50,,169.63
o-991172,2023-11-03 18:21:45,,37.92
o-991173,2023-11-03 20:41:27,,2082.91
o-991174,2023-11-04 05:23:20,,767.89
o-991175,2023-11-05 01:56:04,,2976.47
o-991176,2023-11-05 23:45:10,,1239.83
o-991177,2023-11-06 09:45:03,,48.9
o-991178,2023-11-06 11:48:12,,2943.53
o-991179,2023-11-06 13:54:29,,914.98
o-991180,2023-11-06 16:07:04,,1103.78
o-991181,2023-11-06 17:32:14,,1518.69
o-991182,2023-11-06 19:22:33,,6315.67
o-991183,2023-11-06 22:21:18,,2112.54
o-991184,2023-11-07 08:30:47,,2876.58
o-991185,2023-11-07 10:34:16,,1012.68
o-991186,2023-11-07 12:26:38,,1940.2
o-991187,2023-11-07 14:11:21,,1196.0
o-991188,2023-11-07 15:40:48,,6523.13
o-991189,2023-11-07 17:39:42,,1266.26
o-991190,2023-11-07 19:37:29,,3811.8
o-991191,2023-11-07 22:51:10,,5030.24
o-991192,2023-11-08 09:30:31,,728.38
o-991193,2023-11-08 11:19:07,,3416.63
o-991194,2023-11-08 12:56:20,,4268.45
o-991195,2023-11-08 15:10:46,,4295.87
o-991196,2023-11-08 16:39:37,,4729.46
o-991197,2023-11-08 18:37:20,,2562.63
o-991198,2023-11-08 21:28:11,,1573.6
o-991199,2023-11-09 04:50:03,,497.87
o-991200,2023-11-09 10:19:09,,1101.59
o-991201,2023-11-09 11:56:23,,5653.7
o-991202,2023-11-09 14:10:52,,734.95
o-991203,2023-11-09 15:39:50,,1484.69
o-991204,2023-11-09 17:37:45,,913.9
o-991205,2023-11-09 19:33:36,,4305.75
o-991206,2023-11-09 22:43:23,,1035.7
o-991207,2023-11-10 09:14:57,,728.38
o-991208,2023-11-10 10:48:00,,7340.92
o-991209,2023-11-10 12:54:06,,3532.99
o-991210,2023-11-10 15:06:17,,4152.1
o-991211,2023-11-10 16:30:40,,903.97
o-991212,2023-11-10 18:19:26,,3271.75
o-991213,2023-11-10 20:34:29,,1382.6
o-991214,2023-11-11 00:27:50,,1999.52
o-991215,2023-11-11 22:59:17,,3554.97
o-991216,2023-11-12 23:12:27,,3725.1
o-991217,2023-11-13 09:11:41,,3607.63
o-991218,2023-11-13 10:41:28,,213.54
o-991219,2023-11-13 12:41:01,,1212.47
o-991220,2023-11-13 14:40:08,,2011.59
o-991221,2023-11-13 16:38:21,,921.55
o-991222,2023-11-13 18:34:48,,3187.21
o-991223,2023-11-13 21:20:35,,871.07
o-991224,2023-11-14 04:04:27,,301.35
o-991225,2023-11-14 09:28:59,,1651.55
o-991226,2023-11-14 11:16:04,,5763.54
o-991227,2023-11-14 12:50:13,,1781.06
o-991228,2023-11-14 14:58:32,,1759.09
o-991229,2023-11-14 17:15:10,,1407.84
o-991230,2023-11-14 18:48:25,,3853.53
o-991231,2023-11-14 22:01:27,,387.0
o-991232,2023-11-15 07:09:38,,1693.23
o-991233,2023-11-15 09:52:41,,2989.64
o-991234,2023-11-15 12:03:28,,1020.34
o-991235,2023-11-15 13:25:02,,4169.67
o-991236,2023-11-15 15:08:09,,2822.78
o-991237,2023-11-15 16:34:24,,1737.14
o-991238,2023-11-15 18:26:54,,725.06
o-991239,2023-11-15 20:56:53,,4673.49
o-991240,2023-11-16 02:42:14,,893.02
o-991241,2023-11-16 09:58:33,,4920.46
o-991242,2023-11-16 12:15:12,,344.18
o-991243,2023-11-16 13:48:30,,3082.92
o-991244,2023-11-16 15:55:05,,3000.61
o-991245,2023-11-16 18:08:16,,301.35
o-991246,2023-11-16 20:00:59,,3723.98
o-991247,2023-11-16 22:38:09,,2226.74
o-991248,2023-11-17 09:04:30,,2496.76
o-991249,2023-11-17 10:27:05,,1013.73
o-991250,2023-11-17 12:12:16,,147.68
o-991251,2023-11-17 13:42:38,,947.9
o-991252,2023-11-17 15:43:21,,465.98
o-991253,2023-11-17 17:44:48,,805.2
o-991254,2023-11-17 19:50:35,,629.55
o-991255,2023-11-17 23:17:21,,2066.47
o-991256,2023-11-18 21:17:56,,969.86
o-991257,2023-11-19 20:49:45,,4207.0
o-991258,2023-11-20 09:35:43,,5537.4
o-991259,2023-11-20 11:29:31,,191.59
o-991260,2023-11-20 13:17:08,,3000.63
o-991261,2023-11-20 14:52:22,,7995.12
o-991262,2023-11-20 17:02:49,,3329.94
o-991263,2023-11-20 18:23:44,,3764.62
o-991264,2023-11-20 20:47:23,,2738.24
o-991265,2023-11-21 01:45:15,,5763.53
o-991266,2023-11-21 09:55:52,,103.78
o-991267,2023-11-21 12:09:49,,2979.74
o-991268,2023-11-21 13:37:44,,2121.35
o-991269,2023-11-21 15:33:34,,5305.8
o-991270,2023-11-21 17:25:13,,3736.07
o-991271,2023-11-21 19:08:32,,103.78
o-991272,2023-11-21 21:53:15,,5327.75
o-991273,2023-11-22 07:20:26,,4048.89
o-991274,2023-11-22 10:04:35,,356.23
o-991275,2023-11-22 11:27:15,,527.5
o-991276,2023-11-22 13:12:36,,3264.05
o-991277,2023-11-22 14:43:18,,169.63
o-991278,2023-11-22 16:44:41,,745.92
o-991279,2023-11-22 18:47:28,,1516.53
o-991280,2023-11-22 21:58:35,,904.0
o-991281,2023-11-23 07:52:27,,431.97
o-991282,2023-11-23 10:39:47,,3373.82
o-991283,2023-11-23 12:37:40,,3626.31
o-991284,2023-11-23 14:33:25,,728.38
o-991285,2023-11-23 16:24:56,,5164.19
o-991286,2023-11-23 18:07:57,,3928.17
o-991287,2023-11-23 20:00:03,,1579.06
o-991288,2023-11-23 22:36:17,,410.04
o-991289,2023-11-24 09:00:45,,673.5
o-991290,2023-11-24 10:19:36,,2848.03
o-991291,2023-11-24 11:57:18,,1535.18
o-991292,2023-11-24 14:12:41,,3560.42
o-991293,2023-11-24 15:43:28,,1239.9
o-991294,2023-11-24 17:45:01,,574.69
o-991295,2023-11-24 19:51:15,,312.34
o-991296,2023-11-24 23:18:41,,1529.69
o-991297,2023-11-25 21:21:56,,487.94
o-991298,2023-11-26 20:57:45,,2303.54
o-991299,2023-11-27 09:44:30,,356.23
o-991300,2023-11-27 11:47:06,,527.5
o-991301,2023-11-27 13:52:18,,1299.18
o-991302,2023-11-27 16:02:41,,1922.64
o-991303,2023-11-27 17:23:28,,1611.98
o-991304,2023-11-27 19:05:02,,1743.73
o-991305,2023-11-27 21:46:15,,191.59
o-991306,2023-11-28 06:38:26,,1639.43
o-991307,2023-11-28 10:18:22,,3155.35
o-991308,2023-11-28 11:54:50,,2749.25
o-991309,2023-11-28 14:07:46,,3020.37
o-991310,2023-11-28 15:33:37,,2872.18
o-991311,2023-11-28 17:25:20,,1343.06
o-991312,2023-11-28 19:08:46,,234.42
o-991313,2023-11-28 21:53:43,,548.36
o-991314,2023-11-29 07:23:14,,1550.54
o-991315,2023-11-29 10:07:39,,257.45
o-991316,2023-11-29 11:33:24,,3700.94
o-991317,2023-11-29 13:24:54,,6368.23
o-991318,2023-11-29 15:07:53,,1716.27
o-991319,2023-11-29 16:33:52,,70.84
o-991320,2023-11-29 18:25:49,,1835.96
o-991321,2023-11-29 20:53:39,,3187.23
o-991322,2023-11-30 02:22:50,,5931.48
o-991323,2023-11-30 09:37:13,,2657.04
o-991324,2023-11-30 11:32:31,,2187.17
o-991325,2023-11-30 13:23:08,,1876.57
o-991326,2023-11-30 15:04:22,,6616.44
o-991327,2023-11-30 16:26:49,,389.16
o-991328,2023-11-30 18:11:44,,3767.92
o-991329,2023-11-30 20:11:23,,1646.02
o-991330,2023-11-30 22:58:58,,1688.87
o-991331,2023-12-01 09:46:07,,1430.89
o-991332,2023-12-01 11:50:19,,1695.46
o-991333,2023-12-01 13:58:44,,1449.31
o-991334,2023-12-01 16:15:34,,1979.87
o-991335,2023-12-01 17:49:13,,718.73
o-991336,2023-12-01 20:03:51,,1886.55
o-991337,2023-12-01 22:43:53,,1909.04
o-991338,2023-12-02 19:06:14,,3916.48
o-991339,2023-12-03 18:46:18,,1813.45
o-991340,2023-12-04 09:18:33,,3735.53
o-991341,2023-12-04 10:55:11,,477.04
o-991342,2023-12-04 13:08:28,,3429.82
o-991343,2023-12-04 14:35:01,,2758.76
o-991344,2023-12-04 16:28:08,,4611.1
o-991345,2023-12-04 18:14:22,,3716.38
o-991346,2023-12-04 20:19:17,,936.77
o-991347,2023-12-04 23:14:45,,106.15
o-991348,2023-12-05 09:05:54,,4040.14
o-991349,2023-12-05 10:29:53,,1521.27
o-991350,2023-12-05 12:17:52,,4185.15
o-991351,2023-12-05 13:53:49,,1998.96
o-991352,2023-12-05 16:05:44,,1224.51
o-991353,2023-12-05 17:29:34,,790.67
o-991354,2023-12-05 19:17:13,,1498.78
o-991355,2023-12-05 22:10:38,,83.66
o-991356,2023-12-06 08:04:44,,1851.73
o-991357,2023-12-06 09:55:12,,1931.52
o-991358,2023-12-06 12:08:29,,2101.21
o-991359,2023-12-06 13:35:04,,936.78
o-991360,2023-12-06 15:28:14,,3216.26
o-991361,2023-12-06 17:14:33,,4363.88
o-991362,2023-12-06 18:47:12,,768.17
o-991363,2023-12-06 21:57:47,,3538.86
o-991364,2023-12-07 07:47:39,,1576.34
o-991365,2023-12-07 10:34:30,,3858.07
o-991366,2023-12-07 12:27:06,,1521.27
o-991367,2023-12-07 14:12:17,,2133.82
o-991368,2023-12-07 15:42:40,,2522.75
o-991369,2023-12-07 17:43:26,,4869.64
o-991370,2023-12-07 19:46:29,,1640.39
o-991371,2023-12-07 23:09:09,,1879.78
o-991372,2023-12-08 08:59:10,,891.82
o-991373,2023-12-08 11:16:51,,4304.3
o-991374,2023-12-08 12:51:48,,4128.93
o-991375,2023-12-08 15:01:41,,263.5
o-991376,2023-12-08 16:21:28,,5004.55
o-991377,2023-12-08 18:01:01,,4761.76
o-991378,2023-12-08 19:39:15,,4851.68
o-991379,2023-12-08 22:54:41,,263.5
o-991380,2023-12-09 20:27:24,,432.07
o-991381,2023-12-10 20:08:40,,2770.01
o-991382,2023-12-11 08:50:32,,1105.37
o-991383,2023-12-11 11:03:53,,1104.28
o-991384,2023-12-11 12:25:52,,477.05
o-991385,2023-12-11 14:09:50,,3701.82
o-991386,2023-12-11 15:37:45,,308.45
o-991387,2023-12-11 17:33:36,,3315.15
o-991388,2023-12-11 19:25:18,,4052.52
o-991389,2023-12-11 22:26:47,,2849.82
o-991390,2023-12-12 08:41:45,,183.71
o-991391,2023-12-12 10:50:43,,1685.3
o-991392,2023-12-12 12:59:32,,2339.55
o-991393,2023-12-12 15:17:10,,1577.45
o-991394,2023-12-12 16:52:25,,629.93
o-991395,2023-12-12 19:02:56,,308.44
o-991396,2023-12-12 21:42:03,,3454.55
o-991397,2023-12-13 06:13:14,,49.95
o-991398,2023-12-13 09:50:40,,3067.89
o-991399,2023-12-13 11:59:25,,858.1
o-991400,2023-12-13 14:16:56,,285.96
o-991401,2023-12-13 15:51:57,,4036.78
o-991402,2023-12-13 18:02:00,,1324.55
o-991403,2023-12-13 19:42:11,,1094.13
o-991404,2023-12-13 23:00:34,,1943.86
o-991405,2023-12-14 08:48:52,,3092.59
o-991406,2023-12-14 11:01:23,,207.28
o-991407,2023-12-14 12:20:52,,5687.94
o-991408,2023-12-14 13:59:50,,4699.95
o-991409,2023-12-14 16:17:45,,3189.28
o-991410,2023-12-14 17:53:36,,8551.84
o-991411,2023-12-14 20:16:59,,1418.98
o-991412,2023-12-14 23:10:09,,274.72
o-991413,2023-12-15 09:00:23,,7313.22
o-991414,2023-12-15 10:18:51,,1441.46
o-991415,2023-12-15 11:55:48,,854.69
o-991416,2023-12-15 14:09:41,,1576.34
o-991417,2023-12-15 15:37:28,,1767.4
o-991418,2023-12-15 17:33:02,,7104.14
o-991419,2023-12-15 19:24:09,,3178.04
o-991420,2023-12-15 22:24:30,,106.15
o-991421,2023-12-16 17:09:56,,510.73
o-991422,2023-12-17 16:56:48,,4058.11
o-991423,2023-12-18 09:07:09,,1127.81
o-991424,2023-12-18 10:32:24,,1386.39
o-991425,2023-12-18 12:22:54,,3713.07
o-991426,2023-12-18 14:03:53,,1958.46
o-991427,2023-12-18 15:25:52,,2194.55
o-991428,2023-12-18 17:09:49,,1386.38
o-991429,2023-12-18 18:37:44,,6331.97
o-991430,2023-12-18 21:29:23,,540.02
o-991431,2023-12-19 04:57:15,,2339.53
o-991432,2023-12-19 10:27:04,,1576.34
o-991433,2023-12-19 12:12:14,,1096.4
o-991434,2023-12-19 13:42:33,,5796.96
o-991435,2023-12-19 15:43:12,,1520.14
o-991436,2023-12-19 17:44:29,,2582.31
o-991437,2023-12-19 19:49:39,,2815.0
o-991438,2023-12-19 23:15:29,,4847.17
o-991439,2023-12-20 09:06:46,,2644.14
o-991440,2023-12-20 10:31:38,,8319.2
o-991441,2023-12-20 12:21:21,,892.87
o-991442,2023-12-20 14:00:48,,2610.39
o-991443,2023-12-20 15:19:42,,464.68
o-991444,2023-12-20 16:57:29,,3012.82
o-991445,2023-12-20 19:13:04,,5586.77
o-991446,2023-12-20 22:02:19,,831.13
o-991447,2023-12-21 07:14:51,,2766.63
o-991448,2023-12-21 09:58:25,,1302.09
o-991449,2023-12-21 12:14:56,,1460.56
o-991450,2023-12-21 13:47:58,,295.0
o-991451,2023-12-21 15:54:01,,6915.34
o-991452,2023-12-21 18:06:08,,599.6
o-991453,2023-12-21 19:54:35,,4542.59
o-991454,2023-12-21 23:25:21,,1577.45
o-991455,2023-12-22 09:18:37,,173.57
o-991456,2023-12-22 10:55:19,,2904.87
o-991457,2023-12-22 13:08:44,,554.63
o-991458,2023-12-22 14:35:34,,3409.6
o-991459,2023-12-22 16:29:13,,1610.05
o-991460,2023-12-22 18:16:32,,3185.89
o-991461,2023-12-22 20:25:47,,4715.67
o-991462,2023-12-22 23:35:39,,858.09
o-991463,2023-12-23 22:12:49,,686.13
o-991464,2023-12-24 21:39:31,,241.01
o-991465,2023-12-25 09:30:28,,2578.95
o-991466,2023-12-25 11:19:01,,3118.45
o-991467,2023-12-25 12:56:08,,7792.01
o-991468,2023-12-25 15:10:22,,5675.55
o-991469,2023-12-25 16:38:49,,1269.49
o-991470,2023-12-25 18:35:44,,106.15
o-991471,2023-12-25 21:23:23,,2927.35
o-991472,2023-12-26 04:21:14,,1318.93
o-991473,2023-12-26 09:47:27,,49.95
o-991474,2023-12-26 11:53:00,,3628.78
o-991475,2023-12-26 14:04:06,,1942.76
o-991476,2023-12-26 15:26:17,,352.3
o-991477,2023-12-26 17:10:40,,1386.34
o-991478,2023-12-26 18:39:26,,3880.55
o-991479,2023-12-26 21:34:29,,6788.33
o-991480,2023-12-27 05:27:50,,151.11
o-991481,2023-12-27 10:00:43,,3988.41
o-991482,2023-12-27 11:19:32,,2862.18
o-991483,2023-12-27 12:57:09,,1352.66
o-991484,2023-12-27 15:12:24,,285.97
o-991485,2023-12-27 16:42:54,,4497.61
o-991486,2023-12-27 18:43:53,,8240.51
o-991487,2023-12-27 21:47:50,,3575.9
o-991488,2023-12-28 06:47:57,,3742.27
o-991489,2023-12-28 10:28:50,,4382.93
o-991490,2023-12-28 12:15:46,,4886.46
o-991491,2023-12-28 13:49:37,,1341.43
o-991492,2023-12-28 15:57:20,,1216.66
o-991493,2023-12-28 18:12:46,,753.56
o-991494,2023-12-28 20:14:29,,11241.55
o-991495,2023-12-28 23:05:09,,2177.67
o-991496,2023-12-29 08:54:22,,1004.22
o-991497,2023-12-29 11:09:39,,106.15
o-991498,2023-12-29 12:37:24,,139.86
o-991499,2023-12-29 14:32:53,,1685.35
o-991500,2023-12-29 16:23:52,,38.71
o-991501,2023-12-29 18:05:50,,2564.3
o-991502,2023-12-29 19:53:41,,2403.55
o-991503,2023-12-29 23:23:33,,1487.53
o-991504,2023-12-30 21:36:32,,4734.74
o-991505,2023-12-31 21:26:57,,2904.89
o-991506,2024-01-01 09:16:38,,1605.56
o-991507,2024-01-01 10:51:21,,162.34
o-991508,2024-01-01 13:00:48,,846.86
o-991509,2024-01-01 14:19:41,,1661.75
o-991510,2024-01-01 15:57:28,,3899.58
o-991511,2024-01-01 18:13:02,,718.73
o-991512,2024-01-01 20:15:17,,3388.17
o-991513,2024-01-01 23:06:45,,7072.69
o-991514,2024-01-02 08:56:18,,1775.29
o-991515,2024-01-02 11:12:32,,4293.03
o-991516,2024-01-02 12:43:10,,2058.53
o-991517,2024-01-02 14:44:25,,3525.33
o-991518,2024-01-02 16:46:56,,10807.7
o-991519,2024-01-02 18:51:58,,7919.04
o-991520,2024-01-02 22:12:05,,1631.42
o-991521,2024-01-03 08:12:21,,2477.8
o-991522,2024-01-03 10:06:37,,2689.11
o-991523,2024-01-03 11:31:20,,7443.58
o-991524,2024-01-03 13:20:46,,1902.27
o-991525,2024-01-03 14:59:37,,2447.46
o-991526,2024-01-03 17:17:20,,3746.77
o-991527,2024-01-03 18:52:46,,3719.79
o-991528,2024-01-03 22:14:29,,6427.53
o-991529,2024-01-04 08:17:09,,1891.08
o-991530,2024-01-04 10:13:49,,173.57
o-991531,2024-01-04 11:45:44,,4578.54
o-991532,2024-01-04 13:49:34,,229.79
o-991533,2024-01-04 15:57:13,,2961.11
o-991534,2024-01-04 18:12:32,,263.5
o-991535,2024-01-04 20:13:47,,2548.6
o-991536,2024-01-04 23:03:45,,1330.19
o-991537,2024-01-05 08:52:42,,2147.35
o-991538,2024-01-05 11:07:08,,2904.85
o-991539,2024-01-05 12:32:22,,2127.09
o-991540,2024-01-05 14:22:50,,589.4
o-991541,2024-01-05 16:03:45,,398.36
o-991542,2024-01-05 17:25:36,,2486.73
o-991543,2024-01-05 19:09:18,,1285.16
o-991544,2024-01-05 21:54:47,,150.0
o-991545,2024-01-06 15:11:38,,2138.34
o-991546,2024-01-07 15:00:13,,921.03
o-991547,2024-01-08 06:55:22,,3971.58
o-991548,2024-01-08 10:37:00,,1441.46
o-991549,2024-01-08 12:32:05,,3263.47
o-991550,2024-01-08 14:22:16,,117.39
o-991551,2024-01-08 16:02:38,,6607.35
o-991552,2024-01-08 17:23:21,,218.53
o-991553,2024-01-08 19:04:48,,1094.11
o-991554,2024-01-08 21:45:47,,4122.19
o-991555,2024-01-09 06:35:39,,824.38
o-991556,2024-01-09 10:15:18,,1465.05
o-991557,2024-01-09 11:48:42,,561.38
o-991558,2024-01-09 13:55:29,,1884.33
o-991559,2024-01-09 16:09:04,,555.7
o-991560,2024-01-09 17:36:14,,3216.24
o-991561,2024-01-09 19:30:33,,584.97
o-991562,2024-01-09 22:37:18,,1296.48
o-991563,2024-01-10 09:02:47,,2848.71
o-991564,2024-01-10 10:23:40,,1452.7
o-991565,2024-01-10 12:05:25,,2363.12
o-991566,2024-01-10 13:28:56,,1549.36
o-991567,2024-01-10 15:15:57,,2025.93
o-991568,2024-01-10 16:50:00,,5872.25
o-991569,2024-01-10 18:58:06,,1296.48
o-991570,2024-01-10 22:30:29,,3088.13
o-991571,2024-01-11 08:49:09,,1359.4
o-991572,2024-01-11 11:01:49,,4218.84
o-991573,2024-01-11 12:21:44,,2746.42
o-991574,2024-01-11 14:01:34,,6691.63
o-991575,2024-01-11 15:21:13,,6484.83
o-991576,2024-01-11 17:00:32,,2351.87
o-991577,2024-01-11 18:19:10,,540.02
o-991578,2024-01-11 20:33:41,,1263.87
o-991579,2024-01-12 00:23:02,,4370.6
o-991580,2024-01-12 09:25:26,,1889.95
o-991581,2024-01-12 11:08:58,,207.28
o-991582,2024-01-12 12:36:01,,776.04
o-991583,2024-01-12 14:30:08,,599.6
o-991584,2024-01-12 16:18:22,,1004.22
o-991585,2024-01-12 17:54:49,,599.6
o-991586,2024-01-12 20:20:39,,3858.07
o-991587,2024-01-12 23:17:29,,6993.98
o-991588,2024-01-13 21:18:20,,150.0
o-991589,2024-01-14 20:50:32,,2961.1
o-991590,2024-01-15 09:36:35,,2082.12
o-991591,2024-01-15 11:31:15,,1852.86
o-991592,2024-01-15 13:20:36,,1296.48
o-991593,2024-01-15 14:59:18,,707.48
o-991594,2024-01-15 17:16:41,,3174.65
o-991595,2024-01-15 18:51:28,,150.0
o-991596,2024-01-15 22:10:35,,454.56
o-991597,2024-01-16 08:04:27,,117.39
o-991598,2024-01-16 09:54:46,,1385.27
o-991599,2024-01-16 12:07:37,,5351.86
o-991600,2024-01-16 13:33:20,,1902.28
o-991601,2024-01-16 15:24:46,,1285.22
o-991602,2024-01-16 17:07:37,,1497.65
o-991603,2024-01-16 18:33:20,,94.91
o-991604,2024-01-16 21:16:11,,3462.41
o-991605,2024-01-17 03:38:03,,3034.18
o-991606,2024-01-17 09:59:57,,3394.97
o-991607,2024-01-17 12:17:59,,3937.84
o-991608,2024-01-17 13:54:04,,3937.85
o-991609,2024-01-17 16:06:14,,1831.5
o-991610,2024-01-17 17:30:33,,263.48
o-991611,2024-01-17 19:19:12,,2453.02
o-991612,2024-01-17 22:14:35,,3263.47
o-991613,2024-01-18 08:17:21,,662.53
o-991614,2024-01-18 10:14:07,,790.67
o-991615,2024-01-18 11:46:20,,4128.9
o-991616,2024-01-18 13:50:46,,1650.5
o-991617,2024-01-18 15:59:37,,1891.03
o-991618,2024-01-18 18:17:20,,3914.28
o-991619,2024-01-18 20:28:11,,139.85
o-991620,2024-01-18 23:50:03,,274.72
o-991621,2024-01-19 09:48:15,,4756.14
o-991622,2024-01-19 11:54:35,,5848.66
o-991623,2024-01-19 14:07:16,,1954.01
o-991624,2024-01-19 15:32:37,,1677.48
o-991625,2024-01-19 17:23:20,,4421.16
o-991626,2024-01-19 19:04:46,,2576.67
o-991627,2024-01-19 21:45:43,,1778.62
o-991628,2024-01-20 14:17:14,,786.16
o-991629,2024-01-21 14:11:25,,2531.75
o-991630,2024-01-22 06:17:46,,3634.39
o-991631,2024-01-22 09:55:38,,711.98
o-991632,2024-01-22 12:09:22,,3600.67
o-991633,2024-01-22 13:36:50,,2477.8
o-991634,2024-01-22 15:31:45,,1498.78
o-991635,2024-01-22 17:21:36,,1324.55
o-991636,2024-01-22 19:01:18,,1250.35
o-991637,2024-01-22 21:38:47,,3263.47
o-991638,2024-01-23 05:53:38,,263.5
o-991639,2024-01-23 10:29:06,,641.17
o-991640,2024-01-23 12:16:17,,1498.77
o-991641,2024-01-23 13:50:40,,4342.5
o-991642,2024-01-23 15:59:26,,150.0
o-991643,2024-01-23 18:16:57,,3028.54
o-991644,2024-01-23 20:27:03,,852.49
o-991645,2024-01-23 23:43:14,,1497.62
o-991646,2024-01-24 09:40:04,,1247.01
o-991647,2024-01-24 11:38:14,,1576.34
o-991648,2024-01-24 13:34:33,,106.15
o-991649,2024-01-24 15:27:12,,4347.02
o-991650,2024-01-24 17:12:30,,610.83
o-991651,2024-01-24 18:43:05,,3315.15
o-991652,2024-01-24 21:45:26,,1397.63
o-991653,2024-01-25 06:33:33,,1296.48
o-991654,2024-01-25 10:13:00,,2680.03
o-991655,2024-01-25 11:44:05,,1611.18
o-991656,2024-01-25 13:46:16,,2227.14
o-991657,2024-01-25 15:50:38,,1666.24
o-991658,2024-01-25 17:59:21,,651.29
o-991659,2024-01-25 20:34:15,,443.33
o-991660,2024-01-26 00:26:26,,151.11
o-991661,2024-01-26 09:29:10,,3604.03
o-991662,2024-01-26 11:16:26,,1213.27
o-991663,2024-01-26 12:50:57,,644.55
o-991664,2024-01-26 15:00:00,,903.06
o-991665,2024-01-26 16:18:06,,2623.9
o-991666,2024-01-26 17:54:17,,3488.25
o-991667,2024-01-26 20:19:03,,686.13
o-991668,2024-01-26 23:14:17,,5994.79
o-991669,2024-01-27 21:08:44,,752.44
o-991670,2024-01-28 20:31:20,,2081.02
o-991671,2024-01-29 09:15:28,,3889.49
o-991672,2024-01-29 10:49:01,,880.58
o-991673,2024-01-29 12:56:08,,718.73
o-991674,2024-01-29 15:10:22,,1167.21
o-991675,2024-01-29 16:38:49,,4158.13
o-991676,2024-01-29 18:35:44,,2710.46
o-991677,2024-01-29 21:23:23,,1710.11
o-991678,2024-01-30 04:21:15,,196.05
o-991679,2024-01-30 09:47:28,,296.11
o-991680,2024-01-30 11:53:01,,2925.55
o-991681,2024-01-30 14:04:08,,946.7
o-991682,2024-01-30 15:26:22,,240.71
o-991683,2024-01-30 17:10:49,,1358.04
o-991684,2024-01-30 18:39:44,,2798.26
o-991685,2024-01-30 21:35:23,,2098.17
o-991686,2024-01-31 05:33:15,,1959.11
o-991687,2024-01-31 10:06:40,,5918.03
o-991688,2024-01-31 11:31:25,,1169.46
o-991689,2024-01-31 13:20:56,,1907.23
o-991690,2024-01-31 14:59:58,,687.41
o-991691,2024-01-31 17:18:01,,6027.63
o-991692,2024-01-31 18:54:08,,722.76
o-991693,2024-01-31 22:18:35,,3256.73
o-991694,2024-02-01 08:25:21,,3532.56
o-991695,2024-02-01 10:26:08,,993.82
o-991696,2024-02-01 12:10:21,,1341.53
o-991697,2024-02-01 13:38:48,,588.41
o-991698,2024-02-01 15:35:41,,1538.34
o-991699,2024-02-01 17:29:28,,4811.32
o-991700,2024-02-01 19:17:02,,2488.31
o-991701,2024-02-01 22:10:15,,276.06
o-991702,2024-02-02 08:02:26,,4411.78
o-991703,2024-02-02 09:51:45,,1535.96
o-991704,2024-02-02 12:01:36,,134.61
o-991705,2024-02-02 13:21:17,,158.19
o-991706,2024-02-02 15:00:40,,1412.25
o-991707,2024-02-02 16:19:26,,2699.28
o-991708,2024-02-02 17:56:57,,276.04
o-991709,2024-02-02 20:27:03,,1335.63
o-991710,2024-02-02 23:43:14,,3030.46
o-991711,2024-02-03 22:35:35,,3692.83
o-991712,2024-02-04 22:25:02,,4666.34
o-991713,2024-02-05 09:20:32,,5659.94
o-991714,2024-02-05 10:59:10,,523.53
o-991715,2024-02-05 13:16:25,,10432.03
o-991716,2024-02-05 14:50:56,,4128.91
o-991717,2024-02-05 16:59:57,,4748.83
o-991718,2024-02-05 19:18:00,,1558.38
o-991719,2024-02-05 22:12:11,,3187.21
o-991720,2024-02-06 08:12:34,,382.12
o-991721,2024-02-06 10:06:56,,2112.3
o-991722,2024-02-06 11:31:58,,1887.24
o-991723,2024-02-06 13:22:02,,2343.29
o-991724,2024-02-06 15:02:09,,358.55
o-991725,2024-02-06 16:22:24,,358.52
o-991726,2024-02-06 18:02:53,,1699.81
o-991727,2024-02-06 19:44:51,,5174.34
o-991728,2024-02-06 23:05:53,,1406.34
o-991729,2024-02-07 08:55:15,,2348.03
o-991730,2024-02-07 11:10:58,,695.64
o-991731,2024-02-07 12:40:02,,2597.92
o-991732,2024-02-07 14:38:09,,393.92
o-991733,2024-02-07 16:34:24,,710.96
o-991734,2024-02-07 18:26:54,,2749.96
o-991735,2024-02-07 20:56:53,,122.85
o-991736,2024-02-08 02:42:14,,828.84
o-991737,2024-02-08 09:58:33,,228.91
o-991738,2024-02-08 12:15:12,,2030.96
o-991739,2024-02-08 13:48:30,,3037.54
o-991740,2024-02-08 15:55:05,,3893.2
o-991741,2024-02-08 18:08:16,,2353.95
o-991742,2024-02-08 20:00:59,,3475.95
o-991743,2024-02-08 22:38:09,,946.7
o-991744,2024-02-09 09:04:30,,1770.54
o-991745,2024-02-09 10:27:05,,1017.35
o-991746,2024-02-09 12:12:16,,6969.31
o-991747,2024-02-09 13:42:38,,4341.06
o-991748,2024-02-09 15:43:21,,782.8
o-991749,2024-02-09 17:44:48,,240.71
o-991750,2024-02-09 19:50:35,,2389.29
o-991751,2024-02-09 23:17:21,,2183.06
o-991752,2024-02-10 21:17:56,,588.41
o-991753,2024-02-11 20:49:45,,3758.82
o-991754,2024-02-12 09:35:43,,1264.88
o-991755,2024-02-12 11:29:31,,181.76
o-991756,2024-02-12 13:17:08,,2333.9
o-991757,2024-02-12 14:52:22,,1189.49
o-991758,2024-02-12 17:02:49,,1546.58
o-991759,2024-02-12 18:23:44,,1016.23
o-991760,2024-02-12 20:47:23,,1300.28
o-991761,2024-02-13 01:45:15,,2452.96
o-991762,2024-02-13 09:55:52,,4561.46
o-991763,2024-02-13 12:09:49,,1982.7
o-991764,2024-02-13 13:37:44,,3128.26
o-991765,2024-02-13 15:33:34,,588.41
o-991766,2024-02-13 17:25:13,,2210.13
o-991767,2024-02-13 19:08:32,,3175.41
o-991768,2024-02-13 21:53:15,,3777.69
o-991769,2024-02-14 07:20:27,,99.28
o-991770,2024-02-14 10:04:35,,675.57
o-991771,2024-02-14 11:27:15,,534.2
o-991772,2024-02-14 13:12:36,,3949.78
o-991773,2024-02-14 14:43:18,,1627.94
o-991774,2024-02-14 16:44:41,,1240.14
o-991775,2024-02-14 18:47:28,,264.27
o-991776,2024-02-14 21:58:35,,1908.42
o-991777,2024-02-15 07:52:27,,439.86
o-991778,2024-02-15 10:39:47,,5096.45
o-991779,2024-02-15 12:37:40,,887.75
o-991780,2024-02-15 14:33:25,,417.48
o-991781,2024-02-15 16:24:56,,40.35
o-991782,2024-02-15 18:07:58,,588.41
o-991783,2024-02-15 20:00:05,,2749.96
o-991784,2024-02-15 22:36:21,,946.7
o-991785,2024-02-16 09:00:53,,264.27
o-991786,2024-02-16 10:19:52,,311.4
o-991787,2024-02-16 11:57:50,,2868.98
o-991788,2024-02-16 14:13:45,,3065.82
o-991789,2024-02-16 15:45:36,,3242.57
o-991790,2024-02-16 17:49:18,,3527.83
o-991791,2024-02-16 20:04:05,,1216.59
o-991792,2024-02-16 22:44:21,,2653.31
o-991793,2024-02-17 19:09:03,,3884.89
o-991794,2024-02-18 18:50:30,,4045.24
o-991795,2024-02-19 09:23:36,,588.41
o-991796,2024-02-19 11:05:17,,753.4
o-991797,2024-02-19 12:28:40,,75.7
o-991798,2024-02-19 14:15:26,,2819.5
o-991799,2024-02-19 15:48:57,,1861.29
o-991800,2024-02-19 17:56:00,,6596.91
o-991801,2024-02-19 20:24:11,,4511.95
o-991802,2024-02-19 23:26:03,,122.85
o-991803,2024-02-20 09:19:26,,1248.4
o-991804,2024-02-20 10:56:58,,1601.97
o-991805,2024-02-20 13:12:02,,663.83
o-991806,2024-02-20 14:42:09,,4442.41
o-991807,2024-02-20 16:42:24,,1017.39
o-991808,2024-02-20 18:42:54,,2798.26
o-991809,2024-02-20 21:44:53,,2495.34
o-991810,2024-02-21 06:30:14,,923.12
o-991811,2024-02-21 10:09:21,,2713.44
o-991812,2024-02-21 11:36:48,,523.53
o-991813,2024-02-21 13:31:42,,40.35
o-991814,2024-02-21 15:21:29,,1348.58
o-991815,2024-02-21 17:01:04,,694.47
o-991816,2024-02-21 18:20:13,,111.06
o-991817,2024-02-21 20:36:51,,740.45
o-991818,2024-02-22 00:42:02,,1618.49
o-991819,2024-02-22 09:46:20,,6236.26
o-991820,2024-02-22 11:50:46,,4924.47
o-991821,2024-02-22 13:59:37,,2428.2
o-991822,2024-02-22 16:17:20,,1405.17
o-991823,2024-02-22 17:52:46,,4269.14
o-991824,2024-02-22 20:14:29,,3856.66
o-991825,2024-02-22 23:05:09,,2951.5
o-991826,2024-02-23 08:54:22,,2277.31
o-991827,2024-02-23 11:09:39,,1624.37
o-991828,2024-02-23 12:37:23,,3172.98
o-991829,2024-02-23 14:32:52,,11173.41
o-991830,2024-02-23 16:23:50,,1016.22
o-991831,2024-02-23 18:05:45,,2099.37
o-991832,2024-02-23 19:53:27,,1617.31
o-991833,2024-02-23 23:23:05,,980.88
o-991834,2024-02-24 21:35:08,,1652.68
o-991835,2024-02-25 21:24:08,,3045.78
o-991836,2024-02-26 09:13:32,,333.8
o-991837,2024-02-26 10:45:10,,356.21
o-991838,2024-02-26 12:48:26,,1883.69
o-991839,2024-02-26 14:54:57,,1524.19
o-991840,2024-02-26 17:08:00,,1205.97
o-991841,2024-02-26 18:34:06,,1005.6
o-991842,2024-02-26 21:18:29,,346.77
o-991843,2024-02-27 03:51:50,,276.06
o-991844,2024-02-27 10:15:07,,722.76
o-991845,2024-02-27 11:48:20,,3484.23
o-991846,2024-02-27 13:54:45,,1794.09
o-991847,2024-02-27 16:07:36,,2596.74
o-991848,2024-02-27 17:33:18,,1394.57
o-991849,2024-02-27 19:24:41,,157.04
o-991850,2024-02-27 22:25:33,,3362.83
o-991851,2024-02-28 08:39:18,,3688.11
o-991852,2024-02-28 10:47:02,,1448.76
o-991853,2024-02-28 12:52:10,,1412.25
o-991854,2024-02-28 15:02:26,,3234.32
o-991855,2024-02-28 16:22:57,,2854.77
o-991856,2024-02-28 18:04:00,,5418.33
o-991857,2024-02-28 19:48:11,,672.07
o-991858,2024-02-28 23:12:33,,3813.01
o-991859,2024-02-29 09:03:15,,1677.41
o-991860,2024-02-29 10:24:36,,10424.97
o-991861,2024-02-29 12:07:18,,1363.93
o-991862,2024-02-29 13:32:41,,3301.49
o-991863,2024-02-29 15:23:28,,3910.87
o-991864,2024-02-29 17:05:02,,2797.09
o-991865,2024-02-29 18:28:09,,934.9
o-991866,2024-02-29 21:00:38,,1923.73
o-991867,2024-03-01 02:04:45,,462.29
o-991868,2024-03-01 09:17:19,,569.55
o-991869,2024-03-01 10:52:44,,1117.61
o-991870,2024-03-01 13:03:33,,1400.45
o-991871,2024-03-01 14:25:12,,742.77
o-991872,2024-03-01 16:08:29,,1546.61
o-991873,2024-03-01 17:35:04,,623.76
o-991874,2024-03-01 19:28:14,,883.03
o-991875,2024-03-01 22:32:39,,2488.31
o-991876,2024-03-02 17:58:50,,781.69
o-991877,2024-03-03 18:34:37,,323.17
o-991878,2024-03-04 09:04:31,,993.83
o-991879,2024-03-04 10:27:08,,3637.43
o-991880,2024-03-04 12:12:22,,3633.9
o-991881,2024-03-04 13:42:49,,1794.09
o-991882,2024-03-04 15:43:44,,5098.91
o-991883,2024-03-04 17:45:34,,2841.88
o-991884,2024-03-04 19:52:53,,1941.45
o-991885,2024-03-04 23:21:57,,1370.9
o-991886,2024-03-05 09:14:32,,2889.0
o-991887,2024-03-05 10:47:10,,193.56
o-991888,2024-03-05 12:52:25,,2336.25
o-991889,2024-03-05 15:02:56,,687.41
o-991890,2024-03-05 16:23:57,,1494.71
o-991891,2024-03-05 18:06:00,,4681.65
o-991892,2024-03-05 19:54:11,,4046.41
o-991893,2024-03-05 23:24:34,,1294.37
o-991894,2024-03-06 09:17:40,,5188.48
o-991895,2024-03-06 10:53:25,,3407.57
o-991896,2024-03-06 13:04:56,,240.69
o-991897,2024-03-06 14:27:58,,534.2
o-991898,2024-03-06 16:14:01,,2715.77
o-991899,2024-03-06 17:46:08,,2496.55
o-991900,2024-03-06 19:54:35,,2713.44
o-991901,2024-03-06 23:25:21,,601.36
o-991902,2024-03-07 09:18:37,,3987.48
o-991903,2024-03-07 10:55:20,,1269.65
o-991904,2024-03-07 13:08:45,,2324.45
o-991905,2024-03-07 14:35:36,,569.55
o-991906,2024-03-07 16:29:17,,5453.67
o-991907,2024-03-07 18:16:40,,6368.26
o-991908,2024-03-07 20:26:11,,2075.75
o-991909,2024-03-07 23:38:03,,4278.62
o-991910,2024-03-08 09:33:51,,1369.81
o-991911,2024-03-08 11:25:47,,3281.47
o-991912,2024-03-08 13:09:40,,6474.3
o-991913,2024-03-08 14:37:26,,824.11
o-991914,2024-03-08 16:32:57,,2230.18
o-991915,2024-03-08 18:24:00,,5058.78
o-991916,2024-03-08 20:48:11,,5517.32
o-991917,2024-03-09 09:15:54,,1366.25
o-991918,2024-03-10 09:01:35,,3104.71
o-991919,2024-03-11 00:58:06,,1688.02
o-991920,2024-03-11 10:04:00,,2289.12
o-991921,2024-03-11 11:26:06,,1942.58
o-991922,2024-03-11 13:10:18,,3770.6
o-991923,2024-03-11 14:38:41,,4058.14
o-991924,2024-03-11 16:35:28,,3854.28
o-991925,2024-03-11 18:29:01,,3340.39
o-991926,2024-03-11 21:03:15,,2795.87
o-991927,2024-03-12 02:20:26,,628.48
o-991928,2024-03-12 09:34:34,,2739.33
o-991929,2024-03-12 11:27:14,,333.8
o-991930,2024-03-12 13:12:34,,946.7
o-991931,2024-03-12 14:43:13,,982.03
o-991932,2024-03-12 16:44:32,,628.48
o-991933,2024-03-12 18:47:10,,3539.62
o-991934,2024-03-12 21:57:41,,2833.63
o-991935,2024-03-13 07:47:02,,946.7
o-991936,2024-03-13 10:33:50,,2252.59
o-991937,2024-03-13 12:25:46,,2193.65
o-991938,2024-03-13 14:09:37,,2733.46
o-991939,2024-03-13 15:37:20,,1428.74
o-991940,2024-03-13 17:32:46,,3901.43
o-991941,2024-03-13 19:23:37,,52.13
o-991942,2024-03-13 22:23:25,,1459.38
o-991943,2024-03-14 08:35:02,,4057.02
o-991944,2024-03-14 10:40:38,,1510.08
o-991945,2024-03-14 12:39:22,,3057.56
o-991946,2024-03-14 14:36:50,,1920.23
o-991947,2024-03-14 16:31:45,,122.85
o-991948,2024-03-14 18:21:36,,3893.2
o-991949,2024-03-14 20:40:59,,3503.05
o-991950,2024-03-15 01:06:51,,1511.26
o-991951,2024-03-15 09:13:37,,2124.11
o-991952,2024-03-15 10:45:20,,6165.54
o-991953,2024-03-15 12:48:46,,6257.47
o-991954,2024-03-15 14:55:37,,801.72
o-991955,2024-03-15 17:09:20,,8836.21
o-991956,2024-03-15 18:36:46,,6278.67
o-991957,2024-03-15 21:26:29,,252.47
o-991958,2024-03-16 12:21:50,,2759.37
o-991959,2024-03-17 12:20:37,,146.41
o-991960,2024-03-18 04:36:10,,906.6
o-991961,2024-03-18 10:03:53,,1696.27
o-991962,2024-03-18 11:25:51,,6991.74
o-991963,2024-03-18 13:09:48,,1005.6
o-991964,2024-03-18 14:37:41,,7294.57
o-991965,2024-03-18 16:33:28,,2972.66
o-991966,2024-03-18 18:25:02,,1688.03
o-991967,2024-03-18 20:51:17,,946.7
o-991968,2024-03-19 02:08:38,,1158.82
o-991969,2024-03-19 09:21:36,,3532.53
o-991970,2024-03-19 11:01:17,,2774.68
o-991971,2024-03-19 12:20:40,,2986.85
o-991972,2024-03-19 13:59:26,,1594.93
o-991973,2024-03-19 16:16:57,,1638.52
o-991974,2024-03-19 17:52:00,,2160.62
o-991975,2024-03-19 20:12:11,,4717.04
o-991976,2024-03-19 23:00:34,,4187.85
o-991977,2024-03-20 08:48:52,,4310.43
o-991978,2024-03-20 11:01:23,,111.06
o-991979,2024-03-20 12:20:52,,534.2
o-991980,2024-03-20 13:59:50,,672.07
o-991981,2024-03-20 16:17:45,,4587.36
o-991982,2024-03-20 17:53:36,,264.24
o-991983,2024-03-20 20:16:59,,2131.19
o-991984,2024-03-20 23:10:09,,2876.03
o-991985,2024-03-21 09:00:22,,2253.76
o-991986,2024-03-21 10:18:50,,4621.57
o-991987,2024-03-21 11:55:46,,5237.93
o-991988,2024-03-21 14:09:37,,566.01
o-991989,2024-03-21 15:37:20,,6755.99
o-991990,2024-03-21 17:32:46,,628.48
o-991991,2024-03-21 19:23:37,,1829.48
o-991992,2024-03-21 22:23:26,,1406.35
o-991993,2024-03-22 08:35:03,,3480.7
o-991994,2024-03-22 10:40:40,,4442.37
o-991995,2024-03-22 12:39:26,,193.56
o-991996,2024-03-22 14:36:57,,157.04
o-991997,2024-03-22 16:32:00,,4199.6
o-991998,2024-03-22 18:22:06,,3187.21
o-991999,2024-03-22 20:42:29,,1570.18
o-992000,2024-03-23 06:16:03,,566.01
